[2025-03-22T19:29:59.320-0600] {manager.py:483} INFO - Processing files using up to 1 processes at a time 
[2025-03-22T19:29:59.323-0600] {manager.py:484} INFO - Process each file at most once every 30 seconds
[2025-03-22T19:29:59.325-0600] {manager.py:485} INFO - Checking for new files in /mnt/c/Users/saadh/Desktop/GatherUp-event-intelligence/dags every 300 seconds
[2025-03-22T19:29:59.327-0600] {manager.py:821} INFO - Searching for files in /mnt/c/Users/saadh/Desktop/GatherUp-event-intelligence/dags
[2025-03-22T19:29:59.392-0600] {manager.py:824} INFO - There are 58 files in /mnt/c/Users/saadh/Desktop/GatherUp-event-intelligence/dags
[2025-03-22T19:30:01.345-0600] {manager.py:997} INFO - 
================================================================================
DAG File Processing Stats

File Path                                                                                                                        PID    Runtime      # DAGs    # Errors  Last Runtime    Last Run               Last # of DB Queries
-------------------------------------------------------------------------------------------------------------------------------  -----  ---------  --------  ----------  --------------  -------------------  ----------------------
/mnt/c/Users/saadh/Desktop/GatherUp-event-intelligence/dags/event_fetcher_dag.py                                                                          0           1  1.42s           2025-03-23T01:30:01                       3
/home/saadh/.local/lib/python3.10/site-packages/airflow/example_dags/example_task_group_decorator.py                                                      0           0                                                            0
/home/saadh/.local/lib/python3.10/site-packages/airflow/example_dags/example_dynamic_task_mapping_with_no_taskflow_operators.py                           0           0                                                            0
/home/saadh/.local/lib/python3.10/site-packages/airflow/example_dags/example_dataset_alias.py                                                             0           0                                                            0
/home/saadh/.local/lib/python3.10/site-packages/airflow/example_dags/example_params_ui_tutorial.py                                                        0           0                                                            0
/home/saadh/.local/lib/python3.10/site-packages/airflow/example_dags/tutorial_taskflow_api_virtualenv.py                                                  0           0                                                            0
/home/saadh/.local/lib/python3.10/site-packages/airflow/example_dags/example_branch_operator_decorator.py                                                 0           0                                                            0
/home/saadh/.local/lib/python3.10/site-packages/airflow/example_dags/example_passing_params_via_test_command.py                                           0           0                                                            0
/home/saadh/.local/lib/python3.10/site-packages/airflow/example_dags/example_outlet_event_extra.py                                                        0           0                                                            0
/home/saadh/.local/lib/python3.10/site-packages/airflow/example_dags/example_python_operator.py                                                           0           0                                                            0
/home/saadh/.local/lib/python3.10/site-packages/airflow/example_dags/example_sensors.py                                                                   0           0                                                            0
/home/saadh/.local/lib/python3.10/site-packages/airflow/example_dags/example_xcom.py                                                                      0           0                                                            0
/home/saadh/.local/lib/python3.10/site-packages/airflow/example_dags/example_sensor_decorator.py                                                          0           0                                                            0
/home/saadh/.local/lib/python3.10/site-packages/airflow/example_dags/example_local_kubernetes_executor.py                                                 0           0                                                            0
/home/saadh/.local/lib/python3.10/site-packages/airflow/example_dags/tutorial_dag.py                                                                      0           0                                                            0
/home/saadh/.local/lib/python3.10/site-packages/airflow/example_dags/example_branch_datetime_operator.py                                                  0           0                                                            0
/home/saadh/.local/lib/python3.10/site-packages/airflow/example_dags/example_nested_branch_dag.py                                                         0           0                                                            0
/home/saadh/.local/lib/python3.10/site-packages/airflow/example_dags/example_short_circuit_decorator.py                                                   0           0                                                            0
/home/saadh/.local/lib/python3.10/site-packages/airflow/example_dags/tutorial_taskflow_api.py                                                             0           0                                                            0
/home/saadh/.local/lib/python3.10/site-packages/airflow/example_dags/example_bash_decorator.py                                                            0           0                                                            0
/home/saadh/.local/lib/python3.10/site-packages/airflow/example_dags/example_short_circuit_operator.py                                                    0           0                                                            0
/home/saadh/.local/lib/python3.10/site-packages/airflow/example_dags/example_dag_decorator.py                                                             0           0                                                            0
/home/saadh/.local/lib/python3.10/site-packages/airflow/example_dags/example_time_delta_sensor_async.py                                                   0           0                                                            0
/home/saadh/.local/lib/python3.10/site-packages/airflow/example_dags/example_subdag_operator.py                                                           0           0                                                            0
/home/saadh/.local/lib/python3.10/site-packages/airflow/example_dags/example_external_task_marker_dag.py                                                  0           0                                                            0
/home/saadh/.local/lib/python3.10/site-packages/airflow/example_dags/example_branch_python_dop_operator_3.py                                              0           0                                                            0
/home/saadh/.local/lib/python3.10/site-packages/airflow/example_dags/example_dynamic_task_mapping.py                                                      0           0                                                            0
/home/saadh/.local/lib/python3.10/site-packages/airflow/example_dags/example_xcomargs.py                                                                  0           0                                                            0
/home/saadh/.local/lib/python3.10/site-packages/airflow/example_dags/example_latest_only.py                                                               0           0                                                            0
/home/saadh/.local/lib/python3.10/site-packages/airflow/example_dags/example_datasets.py                                                                  0           0                                                            0
/home/saadh/.local/lib/python3.10/site-packages/airflow/example_dags/example_sla_dag.py                                                                   0           0                                                            0
/home/saadh/.local/lib/python3.10/site-packages/airflow/example_dags/example_python_decorator.py                                                          0           0                                                            0
/home/saadh/.local/lib/python3.10/site-packages/airflow/example_dags/tutorial.py                                                                          0           0                                                            0
/home/saadh/.local/lib/python3.10/site-packages/airflow/example_dags/tutorial_taskflow_templates.py                                                       0           0                                                            0
/home/saadh/.local/lib/python3.10/site-packages/airflow/example_dags/example_branch_labels.py                                                             0           0                                                            0
/home/saadh/.local/lib/python3.10/site-packages/airflow/example_dags/example_params_trigger_ui.py                                                         0           0                                                            0
/home/saadh/.local/lib/python3.10/site-packages/airflow/example_dags/example_bash_operator.py                                                             0           0                                                            0
/home/saadh/.local/lib/python3.10/site-packages/airflow/example_dags/example_trigger_target_dag.py                                                        0           0                                                            0
/home/saadh/.local/lib/python3.10/site-packages/airflow/example_dags/example_skip_dag.py                                                                  0           0                                                            0
/home/saadh/.local/lib/python3.10/site-packages/airflow/example_dags/example_setup_teardown_taskflow.py                                                   0           0                                                            0
/home/saadh/.local/lib/python3.10/site-packages/airflow/example_dags/example_branch_day_of_week_operator.py                                               0           0                                                            0
/home/saadh/.local/lib/python3.10/site-packages/airflow/example_dags/example_branch_operator.py                                                           0           0                                                            0
/home/saadh/.local/lib/python3.10/site-packages/airflow/example_dags/tutorial_objectstorage.py                                                            0           0                                                            0
/home/saadh/.local/lib/python3.10/site-packages/airflow/example_dags/example_task_group.py                                                                0           0                                                            0
/home/saadh/.local/lib/python3.10/site-packages/airflow/example_dags/example_complex.py                                                                   0           0                                                            0
/home/saadh/.local/lib/python3.10/site-packages/airflow/example_dags/example_workday_timetable.py                                                         0           0                                                            0
/home/saadh/.local/lib/python3.10/site-packages/airflow/example_dags/example_dataset_alias_with_no_taskflow.py                                            0           0                                                            0
/home/saadh/.local/lib/python3.10/site-packages/airflow/example_dags/example_inlet_event_extra.py                                                         0           0                                                            0
/home/saadh/.local/lib/python3.10/site-packages/airflow/example_dags/example_trigger_controller_dag.py                                                    0           0                                                            0
/home/saadh/.local/lib/python3.10/site-packages/airflow/example_dags/example_kubernetes_executor.py                                                       0           0                                                            0
/home/saadh/.local/lib/python3.10/site-packages/airflow/example_dags/example_display_name.py                                                              0           0                                                            0
/home/saadh/.local/lib/python3.10/site-packages/airflow/example_dags/example_setup_teardown.py                                                            0           0                                                            0
/home/saadh/.local/lib/python3.10/site-packages/airflow/example_dags/example_latest_only_with_trigger.py                                                  0           0                                                            0
/home/saadh/.local/lib/python3.10/site-packages/airflow/example_dags/subdags/subdag.py                                                                    0           0                                                            0
/home/saadh/.local/lib/python3.10/site-packages/airflow/example_dags/plugins/listener_plugin.py                                                           0           0                                                            0
/home/saadh/.local/lib/python3.10/site-packages/airflow/example_dags/plugins/decreasing_priority_weight_strategy.py                                       0           0                                                            0
/home/saadh/.local/lib/python3.10/site-packages/airflow/example_dags/plugins/event_listener.py                                                            0           0                                                            0
/home/saadh/.local/lib/python3.10/site-packages/airflow/example_dags/plugins/workday.py                                                                   0           0                                                            0
================================================================================
[2025-03-22T19:30:34.382-0600] {manager.py:997} INFO - 
================================================================================
DAG File Processing Stats

File Path                                                                                                                        PID    Runtime      # DAGs    # Errors  Last Runtime    Last Run               Last # of DB Queries
-------------------------------------------------------------------------------------------------------------------------------  -----  ---------  --------  ----------  --------------  -------------------  ----------------------
/home/saadh/.local/lib/python3.10/site-packages/airflow/example_dags/example_xcomargs.py                                                                  2           0  3.02s           2025-03-23T01:30:15                      79
/home/saadh/.local/lib/python3.10/site-packages/airflow/example_dags/example_trigger_target_dag.py                                                        1           0  2.43s           2025-03-23T01:30:27                      43
/home/saadh/.local/lib/python3.10/site-packages/airflow/example_dags/tutorial_objectstorage.py                                                            1           0  2.12s           2025-03-23T01:30:30                      43
/home/saadh/.local/lib/python3.10/site-packages/airflow/example_dags/example_workday_timetable.py                                                         1           0  2.03s           2025-03-23T01:30:34                      45
/home/saadh/.local/lib/python3.10/site-packages/airflow/example_dags/tutorial_taskflow_templates.py                                                       1           0  1.82s           2025-03-23T01:30:23                      45
/home/saadh/.local/lib/python3.10/site-packages/airflow/example_dags/tutorial.py                                                                          1           0  1.82s           2025-03-23T01:30:18                      45
/home/saadh/.local/lib/python3.10/site-packages/airflow/example_dags/tutorial_taskflow_api.py                                                             1           0  1.81s           2025-03-23T01:30:11                      43
/home/saadh/.local/lib/python3.10/site-packages/airflow/example_dags/example_xcom.py                                                                      1           0  1.71s           2025-03-23T01:30:06                      45
/home/saadh/.local/lib/python3.10/site-packages/airflow/example_dags/tutorial_dag.py                                                                      1           0  1.61s           2025-03-23T01:30:08                      43
/mnt/c/Users/saadh/Desktop/GatherUp-event-intelligence/dags/event_fetcher_dag.py                                                                          0           1  1.42s           2025-03-23T01:30:01                       3
/home/saadh/.local/lib/python3.10/site-packages/airflow/example_dags/tutorial_taskflow_api_virtualenv.py                                                  0           0  0.41s           2025-03-23T01:30:03                       3
/home/saadh/.local/lib/python3.10/site-packages/airflow/example_dags/example_task_group_decorator.py                                                      0           0                                                            0
/home/saadh/.local/lib/python3.10/site-packages/airflow/example_dags/example_dynamic_task_mapping_with_no_taskflow_operators.py                           0           0                                                            0
/home/saadh/.local/lib/python3.10/site-packages/airflow/example_dags/example_dataset_alias.py                                                             0           0                                                            0
/home/saadh/.local/lib/python3.10/site-packages/airflow/example_dags/example_params_ui_tutorial.py                                                        0           0                                                            0
/home/saadh/.local/lib/python3.10/site-packages/airflow/example_dags/example_branch_operator_decorator.py                                                 0           0                                                            0
/home/saadh/.local/lib/python3.10/site-packages/airflow/example_dags/example_passing_params_via_test_command.py                                           0           0                                                            0
/home/saadh/.local/lib/python3.10/site-packages/airflow/example_dags/example_outlet_event_extra.py                                                        0           0                                                            0
/home/saadh/.local/lib/python3.10/site-packages/airflow/example_dags/example_python_operator.py                                                           0           0                                                            0
/home/saadh/.local/lib/python3.10/site-packages/airflow/example_dags/example_sensors.py                                                                   0           0                                                            0
/home/saadh/.local/lib/python3.10/site-packages/airflow/example_dags/example_sensor_decorator.py                                                          0           0                                                            0
/home/saadh/.local/lib/python3.10/site-packages/airflow/example_dags/example_local_kubernetes_executor.py                                                 0           0                                                            0
/home/saadh/.local/lib/python3.10/site-packages/airflow/example_dags/example_branch_datetime_operator.py                                                  0           0                                                            0
/home/saadh/.local/lib/python3.10/site-packages/airflow/example_dags/example_nested_branch_dag.py                                                         0           0                                                            0
/home/saadh/.local/lib/python3.10/site-packages/airflow/example_dags/example_short_circuit_decorator.py                                                   0           0                                                            0
/home/saadh/.local/lib/python3.10/site-packages/airflow/example_dags/example_bash_decorator.py                                                            0           0                                                            0
/home/saadh/.local/lib/python3.10/site-packages/airflow/example_dags/example_short_circuit_operator.py                                                    0           0                                                            0
/home/saadh/.local/lib/python3.10/site-packages/airflow/example_dags/example_dag_decorator.py                                                             0           0                                                            0
/home/saadh/.local/lib/python3.10/site-packages/airflow/example_dags/example_time_delta_sensor_async.py                                                   0           0                                                            0
/home/saadh/.local/lib/python3.10/site-packages/airflow/example_dags/example_subdag_operator.py                                                           0           0                                                            0
/home/saadh/.local/lib/python3.10/site-packages/airflow/example_dags/example_external_task_marker_dag.py                                                  0           0                                                            0
/home/saadh/.local/lib/python3.10/site-packages/airflow/example_dags/example_branch_python_dop_operator_3.py                                              0           0                                                            0
/home/saadh/.local/lib/python3.10/site-packages/airflow/example_dags/example_dynamic_task_mapping.py                                                      0           0                                                            0
/home/saadh/.local/lib/python3.10/site-packages/airflow/example_dags/example_latest_only.py                                                               0           0                                                            0
/home/saadh/.local/lib/python3.10/site-packages/airflow/example_dags/example_datasets.py                                                                  0           0                                                            0
/home/saadh/.local/lib/python3.10/site-packages/airflow/example_dags/example_sla_dag.py                                                                   0           0                                                            0
/home/saadh/.local/lib/python3.10/site-packages/airflow/example_dags/example_python_decorator.py                                                          0           0                                                            0
/home/saadh/.local/lib/python3.10/site-packages/airflow/example_dags/example_branch_labels.py                                                             0           0                                                            0
/home/saadh/.local/lib/python3.10/site-packages/airflow/example_dags/example_params_trigger_ui.py                                                         0           0                                                            0
/home/saadh/.local/lib/python3.10/site-packages/airflow/example_dags/example_bash_operator.py                                                             0           0                                                            0
/home/saadh/.local/lib/python3.10/site-packages/airflow/example_dags/example_skip_dag.py                                                                  0           0                                                            0
/home/saadh/.local/lib/python3.10/site-packages/airflow/example_dags/example_setup_teardown_taskflow.py                                                   0           0                                                            0
/home/saadh/.local/lib/python3.10/site-packages/airflow/example_dags/example_branch_day_of_week_operator.py                                               0           0                                                            0
/home/saadh/.local/lib/python3.10/site-packages/airflow/example_dags/example_branch_operator.py                                                           0           0                                                            0
/home/saadh/.local/lib/python3.10/site-packages/airflow/example_dags/example_task_group.py                                                                0           0                                                            0
/home/saadh/.local/lib/python3.10/site-packages/airflow/example_dags/example_complex.py                                                                   0           0                                                            0
/home/saadh/.local/lib/python3.10/site-packages/airflow/example_dags/example_dataset_alias_with_no_taskflow.py                                            0           0                                                            0
/home/saadh/.local/lib/python3.10/site-packages/airflow/example_dags/example_inlet_event_extra.py                                                         0           0                                                            0
/home/saadh/.local/lib/python3.10/site-packages/airflow/example_dags/example_trigger_controller_dag.py                                                    0           0                                                            0
/home/saadh/.local/lib/python3.10/site-packages/airflow/example_dags/example_kubernetes_executor.py                                                       0           0                                                            0
/home/saadh/.local/lib/python3.10/site-packages/airflow/example_dags/example_display_name.py                                                              0           0                                                            0
/home/saadh/.local/lib/python3.10/site-packages/airflow/example_dags/example_setup_teardown.py                                                            0           0                                                            0
/home/saadh/.local/lib/python3.10/site-packages/airflow/example_dags/example_latest_only_with_trigger.py                                                  0           0                                                            0
/home/saadh/.local/lib/python3.10/site-packages/airflow/example_dags/subdags/subdag.py                                                                    0           0                                                            0
/home/saadh/.local/lib/python3.10/site-packages/airflow/example_dags/plugins/listener_plugin.py                                                           0           0                                                            0
/home/saadh/.local/lib/python3.10/site-packages/airflow/example_dags/plugins/decreasing_priority_weight_strategy.py                                       0           0                                                            0
/home/saadh/.local/lib/python3.10/site-packages/airflow/example_dags/plugins/event_listener.py                                                            0           0                                                            0
/home/saadh/.local/lib/python3.10/site-packages/airflow/example_dags/plugins/workday.py                                                                   0           0                                                            0
================================================================================
[2025-03-22T19:31:07.468-0600] {manager.py:997} INFO - 
================================================================================
DAG File Processing Stats

File Path                                                                                                                        PID    Runtime      # DAGs    # Errors  Last Runtime    Last Run               Last # of DB Queries
-------------------------------------------------------------------------------------------------------------------------------  -----  ---------  --------  ----------  --------------  -------------------  ----------------------
/home/saadh/.local/lib/python3.10/site-packages/airflow/example_dags/example_dataset_alias.py                                                             4           0  6.10s           2025-03-23T01:30:57                     157
/home/saadh/.local/lib/python3.10/site-packages/airflow/example_dags/example_xcomargs.py                                                                  2           0  3.02s           2025-03-23T01:30:15                      79
/home/saadh/.local/lib/python3.10/site-packages/airflow/example_dags/example_params_ui_tutorial.py                                                        1           0  2.53s           2025-03-23T01:31:01                      43
/home/saadh/.local/lib/python3.10/site-packages/airflow/example_dags/example_passing_params_via_test_command.py                                           1           0  2.45s           2025-03-23T01:31:07                      45
/home/saadh/.local/lib/python3.10/site-packages/airflow/example_dags/example_trigger_target_dag.py                                                        1           0  2.43s           2025-03-23T01:30:27                      43
/home/saadh/.local/lib/python3.10/site-packages/airflow/example_dags/example_task_group_decorator.py                                                      1           0  2.14s           2025-03-23T01:30:47                      43
/home/saadh/.local/lib/python3.10/site-packages/airflow/example_dags/tutorial_objectstorage.py                                                            1           0  2.12s           2025-03-23T01:30:30                      43
/home/saadh/.local/lib/python3.10/site-packages/airflow/example_dags/example_workday_timetable.py                                                         1           0  2.03s           2025-03-23T01:30:34                      45
/home/saadh/.local/lib/python3.10/site-packages/airflow/example_dags/example_dynamic_task_mapping_with_no_taskflow_operators.py                           1           0  1.91s           2025-03-23T01:30:50                      43
/home/saadh/.local/lib/python3.10/site-packages/airflow/example_dags/tutorial_taskflow_templates.py                                                       1           0  1.82s           2025-03-23T01:30:23                      45
/home/saadh/.local/lib/python3.10/site-packages/airflow/example_dags/tutorial.py                                                                          1           0  1.82s           2025-03-23T01:30:18                      45
/home/saadh/.local/lib/python3.10/site-packages/airflow/example_dags/tutorial_taskflow_api.py                                                             1           0  1.81s           2025-03-23T01:30:11                      43
/home/saadh/.local/lib/python3.10/site-packages/airflow/example_dags/example_xcom.py                                                                      1           0  1.71s           2025-03-23T01:30:06                      45
/home/saadh/.local/lib/python3.10/site-packages/airflow/example_dags/tutorial_dag.py                                                                      1           0  1.61s           2025-03-23T01:30:08                      43
/mnt/c/Users/saadh/Desktop/GatherUp-event-intelligence/dags/event_fetcher_dag.py                                                                          0           1  1.42s           2025-03-23T01:30:01                       3
/home/saadh/.local/lib/python3.10/site-packages/airflow/example_dags/example_branch_operator_decorator.py                                                 0           0  0.92s           2025-03-23T01:31:03                       3
/home/saadh/.local/lib/python3.10/site-packages/airflow/example_dags/plugins/workday.py                                                                   0           0  0.41s           2025-03-23T01:30:43                       3
/home/saadh/.local/lib/python3.10/site-packages/airflow/example_dags/tutorial_taskflow_api_virtualenv.py                                                  0           0  0.41s           2025-03-23T01:30:03                       3
/home/saadh/.local/lib/python3.10/site-packages/airflow/example_dags/plugins/decreasing_priority_weight_strategy.py                                       0           0  0.33s           2025-03-23T01:30:39                       3
/home/saadh/.local/lib/python3.10/site-packages/airflow/example_dags/plugins/event_listener.py                                                            0           0  0.31s           2025-03-23T01:30:41                       3
/home/saadh/.local/lib/python3.10/site-packages/airflow/example_dags/subdags/subdag.py                                                                    0           0  0.31s           2025-03-23T01:30:36                       3
/home/saadh/.local/lib/python3.10/site-packages/airflow/example_dags/plugins/listener_plugin.py                                                           0           0  0.31s           2025-03-23T01:30:38                       3
/home/saadh/.local/lib/python3.10/site-packages/airflow/example_dags/example_outlet_event_extra.py                                                        0           0                                                            0
/home/saadh/.local/lib/python3.10/site-packages/airflow/example_dags/example_python_operator.py                                                           0           0                                                            0
/home/saadh/.local/lib/python3.10/site-packages/airflow/example_dags/example_sensors.py                                                                   0           0                                                            0
/home/saadh/.local/lib/python3.10/site-packages/airflow/example_dags/example_sensor_decorator.py                                                          0           0                                                            0
/home/saadh/.local/lib/python3.10/site-packages/airflow/example_dags/example_local_kubernetes_executor.py                                                 0           0                                                            0
/home/saadh/.local/lib/python3.10/site-packages/airflow/example_dags/example_branch_datetime_operator.py                                                  0           0                                                            0
/home/saadh/.local/lib/python3.10/site-packages/airflow/example_dags/example_nested_branch_dag.py                                                         0           0                                                            0
/home/saadh/.local/lib/python3.10/site-packages/airflow/example_dags/example_short_circuit_decorator.py                                                   0           0                                                            0
/home/saadh/.local/lib/python3.10/site-packages/airflow/example_dags/example_bash_decorator.py                                                            0           0                                                            0
/home/saadh/.local/lib/python3.10/site-packages/airflow/example_dags/example_short_circuit_operator.py                                                    0           0                                                            0
/home/saadh/.local/lib/python3.10/site-packages/airflow/example_dags/example_dag_decorator.py                                                             0           0                                                            0
/home/saadh/.local/lib/python3.10/site-packages/airflow/example_dags/example_time_delta_sensor_async.py                                                   0           0                                                            0
/home/saadh/.local/lib/python3.10/site-packages/airflow/example_dags/example_subdag_operator.py                                                           0           0                                                            0
/home/saadh/.local/lib/python3.10/site-packages/airflow/example_dags/example_external_task_marker_dag.py                                                  0           0                                                            0
/home/saadh/.local/lib/python3.10/site-packages/airflow/example_dags/example_branch_python_dop_operator_3.py                                              0           0                                                            0
/home/saadh/.local/lib/python3.10/site-packages/airflow/example_dags/example_dynamic_task_mapping.py                                                      0           0                                                            0
/home/saadh/.local/lib/python3.10/site-packages/airflow/example_dags/example_latest_only.py                                                               0           0                                                            0
/home/saadh/.local/lib/python3.10/site-packages/airflow/example_dags/example_datasets.py                                                                  0           0                                                            0
/home/saadh/.local/lib/python3.10/site-packages/airflow/example_dags/example_sla_dag.py                                                                   0           0                                                            0
/home/saadh/.local/lib/python3.10/site-packages/airflow/example_dags/example_python_decorator.py                                                          0           0                                                            0
/home/saadh/.local/lib/python3.10/site-packages/airflow/example_dags/example_branch_labels.py                                                             0           0                                                            0
/home/saadh/.local/lib/python3.10/site-packages/airflow/example_dags/example_params_trigger_ui.py                                                         0           0                                                            0
/home/saadh/.local/lib/python3.10/site-packages/airflow/example_dags/example_bash_operator.py                                                             0           0                                                            0
/home/saadh/.local/lib/python3.10/site-packages/airflow/example_dags/example_skip_dag.py                                                                  0           0                                                            0
/home/saadh/.local/lib/python3.10/site-packages/airflow/example_dags/example_setup_teardown_taskflow.py                                                   0           0                                                            0
/home/saadh/.local/lib/python3.10/site-packages/airflow/example_dags/example_branch_day_of_week_operator.py                                               0           0                                                            0
/home/saadh/.local/lib/python3.10/site-packages/airflow/example_dags/example_branch_operator.py                                                           0           0                                                            0
/home/saadh/.local/lib/python3.10/site-packages/airflow/example_dags/example_task_group.py                                                                0           0                                                            0
/home/saadh/.local/lib/python3.10/site-packages/airflow/example_dags/example_complex.py                                                                   0           0                                                            0
/home/saadh/.local/lib/python3.10/site-packages/airflow/example_dags/example_dataset_alias_with_no_taskflow.py                                            0           0                                                            0
/home/saadh/.local/lib/python3.10/site-packages/airflow/example_dags/example_inlet_event_extra.py                                                         0           0                                                            0
/home/saadh/.local/lib/python3.10/site-packages/airflow/example_dags/example_trigger_controller_dag.py                                                    0           0                                                            0
/home/saadh/.local/lib/python3.10/site-packages/airflow/example_dags/example_kubernetes_executor.py                                                       0           0                                                            0
/home/saadh/.local/lib/python3.10/site-packages/airflow/example_dags/example_display_name.py                                                              0           0                                                            0
/home/saadh/.local/lib/python3.10/site-packages/airflow/example_dags/example_setup_teardown.py                                                            0           0                                                            0
/home/saadh/.local/lib/python3.10/site-packages/airflow/example_dags/example_latest_only_with_trigger.py                                                  0           0                                                            0
================================================================================
[2025-03-22T19:31:41.966-0600] {manager.py:997} INFO - 
================================================================================
DAG File Processing Stats

File Path                                                                                                                        PID    Runtime      # DAGs    # Errors  Last Runtime    Last Run               Last # of DB Queries
-------------------------------------------------------------------------------------------------------------------------------  -----  ---------  --------  ----------  --------------  -------------------  ----------------------
/home/saadh/.local/lib/python3.10/site-packages/airflow/example_dags/example_dataset_alias.py                                                             4           0  6.10s           2025-03-23T01:30:57                     157
/home/saadh/.local/lib/python3.10/site-packages/airflow/example_dags/example_outlet_event_extra.py                                                        3           0  4.43s           2025-03-23T01:31:13                     118
/home/saadh/.local/lib/python3.10/site-packages/airflow/example_dags/example_branch_datetime_operator.py                                                  3           0  4.02s           2025-03-23T01:31:32                     117
/home/saadh/.local/lib/python3.10/site-packages/airflow/example_dags/example_xcomargs.py                                                                  2           0  3.02s           2025-03-23T01:30:15                      79
/home/saadh/.local/lib/python3.10/site-packages/airflow/example_dags/example_python_operator.py                                                           1           0  2.72s           2025-03-23T01:31:17                      43
/home/saadh/.local/lib/python3.10/site-packages/airflow/example_dags/example_params_ui_tutorial.py                                                        1           0  2.53s           2025-03-23T01:31:01                      43
/home/saadh/.local/lib/python3.10/site-packages/airflow/example_dags/example_passing_params_via_test_command.py                                           1           0  2.45s           2025-03-23T01:31:07                      45
/home/saadh/.local/lib/python3.10/site-packages/airflow/example_dags/example_trigger_target_dag.py                                                        1           0  2.43s           2025-03-23T01:30:27                      43
/home/saadh/.local/lib/python3.10/site-packages/airflow/example_dags/example_task_group_decorator.py                                                      1           0  2.14s           2025-03-23T01:30:47                      43
/home/saadh/.local/lib/python3.10/site-packages/airflow/example_dags/example_sensor_decorator.py                                                          1           0  2.13s           2025-03-23T01:31:24                      43
/home/saadh/.local/lib/python3.10/site-packages/airflow/example_dags/tutorial_objectstorage.py                                                            1           0  2.12s           2025-03-23T01:30:30                      43
/home/saadh/.local/lib/python3.10/site-packages/airflow/example_dags/example_workday_timetable.py                                                         1           0  2.03s           2025-03-23T01:30:34                      45
/home/saadh/.local/lib/python3.10/site-packages/airflow/example_dags/example_dynamic_task_mapping_with_no_taskflow_operators.py                           1           0  1.91s           2025-03-23T01:30:50                      43
/home/saadh/.local/lib/python3.10/site-packages/airflow/example_dags/tutorial_taskflow_templates.py                                                       1           0  1.82s           2025-03-23T01:30:23                      45
/home/saadh/.local/lib/python3.10/site-packages/airflow/example_dags/tutorial.py                                                                          1           0  1.82s           2025-03-23T01:30:18                      45
/home/saadh/.local/lib/python3.10/site-packages/airflow/example_dags/tutorial_taskflow_api.py                                                             1           0  1.81s           2025-03-23T01:30:11                      43
/home/saadh/.local/lib/python3.10/site-packages/airflow/example_dags/example_nested_branch_dag.py                                                         1           0  1.71s           2025-03-23T01:31:35                      45
/home/saadh/.local/lib/python3.10/site-packages/airflow/example_dags/example_xcom.py                                                                      1           0  1.71s           2025-03-23T01:30:06                      45
/home/saadh/.local/lib/python3.10/site-packages/airflow/example_dags/example_bash_decorator.py                                                            1           0  1.61s           2025-03-23T01:31:41                      43
/home/saadh/.local/lib/python3.10/site-packages/airflow/example_dags/example_short_circuit_decorator.py                                                   1           0  1.61s           2025-03-23T01:31:38                      43
/home/saadh/.local/lib/python3.10/site-packages/airflow/example_dags/example_sensors.py                                                                   1           0  1.61s           2025-03-23T01:31:20                      43
/home/saadh/.local/lib/python3.10/site-packages/airflow/example_dags/tutorial_dag.py                                                                      1           0  1.61s           2025-03-23T01:30:08                      43
/mnt/c/Users/saadh/Desktop/GatherUp-event-intelligence/dags/event_fetcher_dag.py                                                                          0           1  1.42s           2025-03-23T01:30:01                       3
/home/saadh/.local/lib/python3.10/site-packages/airflow/example_dags/example_branch_operator_decorator.py                                                 0           0  0.92s           2025-03-23T01:31:03                       3
/home/saadh/.local/lib/python3.10/site-packages/airflow/example_dags/plugins/workday.py                                                                   0           0  0.41s           2025-03-23T01:30:43                       3
/home/saadh/.local/lib/python3.10/site-packages/airflow/example_dags/tutorial_taskflow_api_virtualenv.py                                                  0           0  0.41s           2025-03-23T01:30:03                       3
/home/saadh/.local/lib/python3.10/site-packages/airflow/example_dags/plugins/decreasing_priority_weight_strategy.py                                       0           0  0.33s           2025-03-23T01:30:39                       3
/home/saadh/.local/lib/python3.10/site-packages/airflow/example_dags/plugins/event_listener.py                                                            0           0  0.31s           2025-03-23T01:30:41                       3
/home/saadh/.local/lib/python3.10/site-packages/airflow/example_dags/subdags/subdag.py                                                                    0           0  0.31s           2025-03-23T01:30:36                       3
/home/saadh/.local/lib/python3.10/site-packages/airflow/example_dags/plugins/listener_plugin.py                                                           0           0  0.31s           2025-03-23T01:30:38                       3
/home/saadh/.local/lib/python3.10/site-packages/airflow/example_dags/example_local_kubernetes_executor.py                                                 0           0  0.21s           2025-03-23T01:31:25                       3
/home/saadh/.local/lib/python3.10/site-packages/airflow/example_dags/example_short_circuit_operator.py                                                    0           0                                                            0
/home/saadh/.local/lib/python3.10/site-packages/airflow/example_dags/example_dag_decorator.py                                                             0           0                                                            0
/home/saadh/.local/lib/python3.10/site-packages/airflow/example_dags/example_time_delta_sensor_async.py                                                   0           0                                                            0
/home/saadh/.local/lib/python3.10/site-packages/airflow/example_dags/example_subdag_operator.py                                                           0           0                                                            0
/home/saadh/.local/lib/python3.10/site-packages/airflow/example_dags/example_external_task_marker_dag.py                                                  0           0                                                            0
/home/saadh/.local/lib/python3.10/site-packages/airflow/example_dags/example_branch_python_dop_operator_3.py                                              0           0                                                            0
/home/saadh/.local/lib/python3.10/site-packages/airflow/example_dags/example_dynamic_task_mapping.py                                                      0           0                                                            0
/home/saadh/.local/lib/python3.10/site-packages/airflow/example_dags/example_latest_only.py                                                               0           0                                                            0
/home/saadh/.local/lib/python3.10/site-packages/airflow/example_dags/example_datasets.py                                                                  0           0                                                            0
/home/saadh/.local/lib/python3.10/site-packages/airflow/example_dags/example_sla_dag.py                                                                   0           0                                                            0
/home/saadh/.local/lib/python3.10/site-packages/airflow/example_dags/example_python_decorator.py                                                          0           0                                                            0
/home/saadh/.local/lib/python3.10/site-packages/airflow/example_dags/example_branch_labels.py                                                             0           0                                                            0
/home/saadh/.local/lib/python3.10/site-packages/airflow/example_dags/example_params_trigger_ui.py                                                         0           0                                                            0
/home/saadh/.local/lib/python3.10/site-packages/airflow/example_dags/example_bash_operator.py                                                             0           0                                                            0
/home/saadh/.local/lib/python3.10/site-packages/airflow/example_dags/example_skip_dag.py                                                                  0           0                                                            0
/home/saadh/.local/lib/python3.10/site-packages/airflow/example_dags/example_setup_teardown_taskflow.py                                                   0           0                                                            0
/home/saadh/.local/lib/python3.10/site-packages/airflow/example_dags/example_branch_day_of_week_operator.py                                               0           0                                                            0
/home/saadh/.local/lib/python3.10/site-packages/airflow/example_dags/example_branch_operator.py                                                           0           0                                                            0
/home/saadh/.local/lib/python3.10/site-packages/airflow/example_dags/example_task_group.py                                                                0           0                                                            0
/home/saadh/.local/lib/python3.10/site-packages/airflow/example_dags/example_complex.py                                                                   0           0                                                            0
/home/saadh/.local/lib/python3.10/site-packages/airflow/example_dags/example_dataset_alias_with_no_taskflow.py                                            0           0                                                            0
/home/saadh/.local/lib/python3.10/site-packages/airflow/example_dags/example_inlet_event_extra.py                                                         0           0                                                            0
/home/saadh/.local/lib/python3.10/site-packages/airflow/example_dags/example_trigger_controller_dag.py                                                    0           0                                                            0
/home/saadh/.local/lib/python3.10/site-packages/airflow/example_dags/example_kubernetes_executor.py                                                       0           0                                                            0
/home/saadh/.local/lib/python3.10/site-packages/airflow/example_dags/example_display_name.py                                                              0           0                                                            0
/home/saadh/.local/lib/python3.10/site-packages/airflow/example_dags/example_setup_teardown.py                                                            0           0                                                            0
/home/saadh/.local/lib/python3.10/site-packages/airflow/example_dags/example_latest_only_with_trigger.py                                                  0           0                                                            0
================================================================================
[2025-03-22T19:32:20.741-0600] {manager.py:997} INFO - 
================================================================================
DAG File Processing Stats

File Path                                                                                                                        PID    Runtime      # DAGs    # Errors  Last Runtime    Last Run               Last # of DB Queries
-------------------------------------------------------------------------------------------------------------------------------  -----  ---------  --------  ----------  --------------  -------------------  ----------------------
/home/saadh/.local/lib/python3.10/site-packages/airflow/example_dags/example_datasets.py                                                                 10           0  10.15s          2025-03-23T01:32:20                     379
/home/saadh/.local/lib/python3.10/site-packages/airflow/example_dags/example_dataset_alias.py                                                             4           0  6.10s           2025-03-23T01:30:57                     157
/home/saadh/.local/lib/python3.10/site-packages/airflow/example_dags/example_outlet_event_extra.py                                                        3           0  4.43s           2025-03-23T01:31:13                     118
/home/saadh/.local/lib/python3.10/site-packages/airflow/example_dags/example_branch_datetime_operator.py                                                  3           0  4.02s           2025-03-23T01:31:32                     117
/home/saadh/.local/lib/python3.10/site-packages/airflow/example_dags/example_branch_python_dop_operator_3.py                                              1           0  3.41s           2025-03-23T01:32:03                      45
/home/saadh/.local/lib/python3.10/site-packages/airflow/example_dags/example_xcomargs.py                                                                  2           0  3.02s           2025-03-23T01:30:15                      79
/home/saadh/.local/lib/python3.10/site-packages/airflow/example_dags/example_python_operator.py                                                           1           0  2.72s           2025-03-23T01:31:17                      43
/home/saadh/.local/lib/python3.10/site-packages/airflow/example_dags/example_params_ui_tutorial.py                                                        1           0  2.53s           2025-03-23T01:31:01                      43
/home/saadh/.local/lib/python3.10/site-packages/airflow/example_dags/example_external_task_marker_dag.py                                                  2           0  2.52s           2025-03-23T01:31:58                      79
/home/saadh/.local/lib/python3.10/site-packages/airflow/example_dags/example_passing_params_via_test_command.py                                           1           0  2.45s           2025-03-23T01:31:07                      45
/home/saadh/.local/lib/python3.10/site-packages/airflow/example_dags/example_trigger_target_dag.py                                                        1           0  2.43s           2025-03-23T01:30:27                      43
/home/saadh/.local/lib/python3.10/site-packages/airflow/example_dags/example_subdag_operator.py                                                           3           0  2.42s           2025-03-23T01:31:54                      53
/home/saadh/.local/lib/python3.10/site-packages/airflow/example_dags/example_task_group_decorator.py                                                      1           0  2.14s           2025-03-23T01:30:47                      43
/home/saadh/.local/lib/python3.10/site-packages/airflow/example_dags/example_sensor_decorator.py                                                          1           0  2.13s           2025-03-23T01:31:24                      43
/home/saadh/.local/lib/python3.10/site-packages/airflow/example_dags/tutorial_objectstorage.py                                                            1           0  2.12s           2025-03-23T01:30:30                      43
/home/saadh/.local/lib/python3.10/site-packages/airflow/example_dags/example_workday_timetable.py                                                         1           0  2.03s           2025-03-23T01:30:34                      45
/home/saadh/.local/lib/python3.10/site-packages/airflow/example_dags/example_latest_only.py                                                               1           0  1.92s           2025-03-23T01:32:09                      45
/home/saadh/.local/lib/python3.10/site-packages/airflow/example_dags/example_dynamic_task_mapping_with_no_taskflow_operators.py                           1           0  1.91s           2025-03-23T01:30:50                      43
/home/saadh/.local/lib/python3.10/site-packages/airflow/example_dags/tutorial_taskflow_templates.py                                                       1           0  1.82s           2025-03-23T01:30:23                      45
/home/saadh/.local/lib/python3.10/site-packages/airflow/example_dags/tutorial.py                                                                          1           0  1.82s           2025-03-23T01:30:18                      45
/home/saadh/.local/lib/python3.10/site-packages/airflow/example_dags/tutorial_taskflow_api.py                                                             1           0  1.81s           2025-03-23T01:30:11                      43
/home/saadh/.local/lib/python3.10/site-packages/airflow/example_dags/example_time_delta_sensor_async.py                                                   1           0  1.72s           2025-03-23T01:31:50                      43
/home/saadh/.local/lib/python3.10/site-packages/airflow/example_dags/example_nested_branch_dag.py                                                         1           0  1.71s           2025-03-23T01:31:35                      45
/home/saadh/.local/lib/python3.10/site-packages/airflow/example_dags/example_xcom.py                                                                      1           0  1.71s           2025-03-23T01:30:06                      45
/home/saadh/.local/lib/python3.10/site-packages/airflow/example_dags/example_bash_decorator.py                                                            1           0  1.61s           2025-03-23T01:31:41                      43
/home/saadh/.local/lib/python3.10/site-packages/airflow/example_dags/example_short_circuit_decorator.py                                                   1           0  1.61s           2025-03-23T01:31:38                      43
/home/saadh/.local/lib/python3.10/site-packages/airflow/example_dags/example_sensors.py                                                                   1           0  1.61s           2025-03-23T01:31:20                      43
/home/saadh/.local/lib/python3.10/site-packages/airflow/example_dags/tutorial_dag.py                                                                      1           0  1.61s           2025-03-23T01:30:08                      43
/mnt/c/Users/saadh/Desktop/GatherUp-event-intelligence/dags/event_fetcher_dag.py                                                                          0           1  1.42s           2025-03-23T01:30:01                       3
/home/saadh/.local/lib/python3.10/site-packages/airflow/example_dags/example_short_circuit_operator.py                                                    1           0  1.42s           2025-03-23T01:31:44                      43
/home/saadh/.local/lib/python3.10/site-packages/airflow/example_dags/example_dag_decorator.py                                                             1           0  1.32s           2025-03-23T01:31:47                      43
/home/saadh/.local/lib/python3.10/site-packages/airflow/example_dags/example_dynamic_task_mapping.py                                                      1           0  1.31s           2025-03-23T01:32:06                      43
/home/saadh/.local/lib/python3.10/site-packages/airflow/example_dags/example_branch_operator_decorator.py                                                 0           0  0.92s           2025-03-23T01:31:03                       3
/home/saadh/.local/lib/python3.10/site-packages/airflow/example_dags/plugins/workday.py                                                                   0           0  0.41s           2025-03-23T01:30:43                       3
/home/saadh/.local/lib/python3.10/site-packages/airflow/example_dags/tutorial_taskflow_api_virtualenv.py                                                  0           0  0.41s           2025-03-23T01:30:03                       3
/home/saadh/.local/lib/python3.10/site-packages/airflow/example_dags/plugins/decreasing_priority_weight_strategy.py                                       0           0  0.33s           2025-03-23T01:30:39                       3
/home/saadh/.local/lib/python3.10/site-packages/airflow/example_dags/plugins/event_listener.py                                                            0           0  0.31s           2025-03-23T01:30:41                       3
/home/saadh/.local/lib/python3.10/site-packages/airflow/example_dags/subdags/subdag.py                                                                    0           0  0.31s           2025-03-23T01:30:36                       3
/home/saadh/.local/lib/python3.10/site-packages/airflow/example_dags/plugins/listener_plugin.py                                                           0           0  0.31s           2025-03-23T01:30:38                       3
/home/saadh/.local/lib/python3.10/site-packages/airflow/example_dags/example_local_kubernetes_executor.py                                                 0           0  0.21s           2025-03-23T01:31:25                       3
/home/saadh/.local/lib/python3.10/site-packages/airflow/example_dags/example_sla_dag.py                                                                   0           0                                                            0
/home/saadh/.local/lib/python3.10/site-packages/airflow/example_dags/example_python_decorator.py                                                          0           0                                                            0
/home/saadh/.local/lib/python3.10/site-packages/airflow/example_dags/example_branch_labels.py                                                             0           0                                                            0
/home/saadh/.local/lib/python3.10/site-packages/airflow/example_dags/example_params_trigger_ui.py                                                         0           0                                                            0
/home/saadh/.local/lib/python3.10/site-packages/airflow/example_dags/example_bash_operator.py                                                             0           0                                                            0
/home/saadh/.local/lib/python3.10/site-packages/airflow/example_dags/example_skip_dag.py                                                                  0           0                                                            0
/home/saadh/.local/lib/python3.10/site-packages/airflow/example_dags/example_setup_teardown_taskflow.py                                                   0           0                                                            0
/home/saadh/.local/lib/python3.10/site-packages/airflow/example_dags/example_branch_day_of_week_operator.py                                               0           0                                                            0
/home/saadh/.local/lib/python3.10/site-packages/airflow/example_dags/example_branch_operator.py                                                           0           0                                                            0
/home/saadh/.local/lib/python3.10/site-packages/airflow/example_dags/example_task_group.py                                                                0           0                                                            0
/home/saadh/.local/lib/python3.10/site-packages/airflow/example_dags/example_complex.py                                                                   0           0                                                            0
/home/saadh/.local/lib/python3.10/site-packages/airflow/example_dags/example_dataset_alias_with_no_taskflow.py                                            0           0                                                            0
/home/saadh/.local/lib/python3.10/site-packages/airflow/example_dags/example_inlet_event_extra.py                                                         0           0                                                            0
/home/saadh/.local/lib/python3.10/site-packages/airflow/example_dags/example_trigger_controller_dag.py                                                    0           0                                                            0
/home/saadh/.local/lib/python3.10/site-packages/airflow/example_dags/example_kubernetes_executor.py                                                       0           0                                                            0
/home/saadh/.local/lib/python3.10/site-packages/airflow/example_dags/example_display_name.py                                                              0           0                                                            0
/home/saadh/.local/lib/python3.10/site-packages/airflow/example_dags/example_setup_teardown.py                                                            0           0                                                            0
/home/saadh/.local/lib/python3.10/site-packages/airflow/example_dags/example_latest_only_with_trigger.py                                                  0           0                                                            0
================================================================================
[2025-03-22T19:32:55.011-0600] {manager.py:997} INFO - 
================================================================================
DAG File Processing Stats

File Path                                                                                                                        PID    Runtime      # DAGs    # Errors  Last Runtime    Last Run               Last # of DB Queries
-------------------------------------------------------------------------------------------------------------------------------  -----  ---------  --------  ----------  --------------  -------------------  ----------------------
/home/saadh/.local/lib/python3.10/site-packages/airflow/example_dags/example_datasets.py                                                                 10           0  10.15s          2025-03-23T01:32:20                     379
/home/saadh/.local/lib/python3.10/site-packages/airflow/example_dags/example_dataset_alias.py                                                             4           0  6.10s           2025-03-23T01:30:57                     157
/home/saadh/.local/lib/python3.10/site-packages/airflow/example_dags/example_outlet_event_extra.py                                                        3           0  4.43s           2025-03-23T01:31:13                     118
/home/saadh/.local/lib/python3.10/site-packages/airflow/example_dags/example_branch_datetime_operator.py                                                  3           0  4.02s           2025-03-23T01:31:32                     117
/home/saadh/.local/lib/python3.10/site-packages/airflow/example_dags/example_branch_python_dop_operator_3.py                                              1           0  3.41s           2025-03-23T01:32:03                      45
/home/saadh/.local/lib/python3.10/site-packages/airflow/example_dags/example_xcomargs.py                                                                  2           0  3.02s           2025-03-23T01:30:15                      79
/home/saadh/.local/lib/python3.10/site-packages/airflow/example_dags/example_python_operator.py                                                           1           0  2.72s           2025-03-23T01:31:17                      43
/home/saadh/.local/lib/python3.10/site-packages/airflow/example_dags/example_params_ui_tutorial.py                                                        1           0  2.53s           2025-03-23T01:31:01                      43
/home/saadh/.local/lib/python3.10/site-packages/airflow/example_dags/example_external_task_marker_dag.py                                                  2           0  2.52s           2025-03-23T01:31:58                      79
/home/saadh/.local/lib/python3.10/site-packages/airflow/example_dags/example_python_decorator.py                                                          1           0  2.52s           2025-03-23T01:32:27                      43
/home/saadh/.local/lib/python3.10/site-packages/airflow/example_dags/example_passing_params_via_test_command.py                                           1           0  2.45s           2025-03-23T01:31:07                      45
/home/saadh/.local/lib/python3.10/site-packages/airflow/example_dags/example_trigger_target_dag.py                                                        1           0  2.43s           2025-03-23T01:30:27                      43
/home/saadh/.local/lib/python3.10/site-packages/airflow/example_dags/example_bash_operator.py                                                             1           0  2.43s           2025-03-23T01:32:39                      45
/home/saadh/.local/lib/python3.10/site-packages/airflow/example_dags/example_subdag_operator.py                                                           3           0  2.42s           2025-03-23T01:31:54                      53
/home/saadh/.local/lib/python3.10/site-packages/airflow/example_dags/example_task_group_decorator.py                                                      1           0  2.14s           2025-03-23T01:30:47                      43
/home/saadh/.local/lib/python3.10/site-packages/airflow/example_dags/example_sensor_decorator.py                                                          1           0  2.13s           2025-03-23T01:31:24                      43
/home/saadh/.local/lib/python3.10/site-packages/airflow/example_dags/tutorial_objectstorage.py                                                            1           0  2.12s           2025-03-23T01:30:30                      43
/home/saadh/.local/lib/python3.10/site-packages/airflow/example_dags/example_workday_timetable.py                                                         1           0  2.03s           2025-03-23T01:30:34                      45
/home/saadh/.local/lib/python3.10/site-packages/airflow/example_dags/example_task_group.py                                                                1           0  2.02s           2025-03-23T01:32:54                      43
/home/saadh/.local/lib/python3.10/site-packages/airflow/example_dags/example_latest_only.py                                                               1           0  1.92s           2025-03-23T01:32:09                      45
/home/saadh/.local/lib/python3.10/site-packages/airflow/example_dags/example_setup_teardown_taskflow.py                                                   1           0  1.92s           2025-03-23T01:32:45                      43
/home/saadh/.local/lib/python3.10/site-packages/airflow/example_dags/example_sla_dag.py                                                                   1           0  1.92s           2025-03-23T01:32:24                      45
/home/saadh/.local/lib/python3.10/site-packages/airflow/example_dags/example_dynamic_task_mapping_with_no_taskflow_operators.py                           1           0  1.91s           2025-03-23T01:30:50                      43
/home/saadh/.local/lib/python3.10/site-packages/airflow/example_dags/tutorial_taskflow_templates.py                                                       1           0  1.82s           2025-03-23T01:30:23                      45
/home/saadh/.local/lib/python3.10/site-packages/airflow/example_dags/tutorial.py                                                                          1           0  1.82s           2025-03-23T01:30:18                      45
/home/saadh/.local/lib/python3.10/site-packages/airflow/example_dags/tutorial_taskflow_api.py                                                             1           0  1.81s           2025-03-23T01:30:11                      43
/home/saadh/.local/lib/python3.10/site-packages/airflow/example_dags/example_branch_day_of_week_operator.py                                               1           0  1.72s           2025-03-23T01:32:49                      45
/home/saadh/.local/lib/python3.10/site-packages/airflow/example_dags/example_time_delta_sensor_async.py                                                   1           0  1.72s           2025-03-23T01:31:50                      43
/home/saadh/.local/lib/python3.10/site-packages/airflow/example_dags/example_skip_dag.py                                                                  1           0  1.71s           2025-03-23T01:32:42                      45
/home/saadh/.local/lib/python3.10/site-packages/airflow/example_dags/example_nested_branch_dag.py                                                         1           0  1.71s           2025-03-23T01:31:35                      45
/home/saadh/.local/lib/python3.10/site-packages/airflow/example_dags/example_xcom.py                                                                      1           0  1.71s           2025-03-23T01:30:06                      45
/home/saadh/.local/lib/python3.10/site-packages/airflow/example_dags/example_bash_decorator.py                                                            1           0  1.61s           2025-03-23T01:31:41                      43
/home/saadh/.local/lib/python3.10/site-packages/airflow/example_dags/example_short_circuit_decorator.py                                                   1           0  1.61s           2025-03-23T01:31:38                      43
/home/saadh/.local/lib/python3.10/site-packages/airflow/example_dags/example_sensors.py                                                                   1           0  1.61s           2025-03-23T01:31:20                      43
/home/saadh/.local/lib/python3.10/site-packages/airflow/example_dags/tutorial_dag.py                                                                      1           0  1.61s           2025-03-23T01:30:08                      43
/home/saadh/.local/lib/python3.10/site-packages/airflow/example_dags/example_params_trigger_ui.py                                                         1           0  1.52s           2025-03-23T01:32:33                      43
/mnt/c/Users/saadh/Desktop/GatherUp-event-intelligence/dags/event_fetcher_dag.py                                                                          0           1  1.42s           2025-03-23T01:30:01                       3
/home/saadh/.local/lib/python3.10/site-packages/airflow/example_dags/example_short_circuit_operator.py                                                    1           0  1.42s           2025-03-23T01:31:44                      43
/home/saadh/.local/lib/python3.10/site-packages/airflow/example_dags/example_branch_labels.py                                                             1           0  1.41s           2025-03-23T01:32:30                      45
/home/saadh/.local/lib/python3.10/site-packages/airflow/example_dags/example_dag_decorator.py                                                             1           0  1.32s           2025-03-23T01:31:47                      43
/home/saadh/.local/lib/python3.10/site-packages/airflow/example_dags/example_dynamic_task_mapping.py                                                      1           0  1.31s           2025-03-23T01:32:06                      43
/home/saadh/.local/lib/python3.10/site-packages/airflow/example_dags/example_branch_operator_decorator.py                                                 0           0  0.92s           2025-03-23T01:31:03                       3
/home/saadh/.local/lib/python3.10/site-packages/airflow/example_dags/example_branch_operator.py                                                           0           0  0.81s           2025-03-23T01:32:51                       3
/home/saadh/.local/lib/python3.10/site-packages/airflow/example_dags/plugins/workday.py                                                                   0           0  0.41s           2025-03-23T01:30:43                       3
/home/saadh/.local/lib/python3.10/site-packages/airflow/example_dags/tutorial_taskflow_api_virtualenv.py                                                  0           0  0.41s           2025-03-23T01:30:03                       3
/home/saadh/.local/lib/python3.10/site-packages/airflow/example_dags/plugins/decreasing_priority_weight_strategy.py                                       0           0  0.33s           2025-03-23T01:30:39                       3
/home/saadh/.local/lib/python3.10/site-packages/airflow/example_dags/plugins/event_listener.py                                                            0           0  0.31s           2025-03-23T01:30:41                       3
/home/saadh/.local/lib/python3.10/site-packages/airflow/example_dags/subdags/subdag.py                                                                    0           0  0.31s           2025-03-23T01:30:36                       3
/home/saadh/.local/lib/python3.10/site-packages/airflow/example_dags/plugins/listener_plugin.py                                                           0           0  0.31s           2025-03-23T01:30:38                       3
/home/saadh/.local/lib/python3.10/site-packages/airflow/example_dags/example_local_kubernetes_executor.py                                                 0           0  0.21s           2025-03-23T01:31:25                       3
/home/saadh/.local/lib/python3.10/site-packages/airflow/example_dags/example_complex.py                                                                   0           0                                                            0
/home/saadh/.local/lib/python3.10/site-packages/airflow/example_dags/example_dataset_alias_with_no_taskflow.py                                            0           0                                                            0
/home/saadh/.local/lib/python3.10/site-packages/airflow/example_dags/example_inlet_event_extra.py                                                         0           0                                                            0
/home/saadh/.local/lib/python3.10/site-packages/airflow/example_dags/example_trigger_controller_dag.py                                                    0           0                                                            0
/home/saadh/.local/lib/python3.10/site-packages/airflow/example_dags/example_kubernetes_executor.py                                                       0           0                                                            0
/home/saadh/.local/lib/python3.10/site-packages/airflow/example_dags/example_display_name.py                                                              0           0                                                            0
/home/saadh/.local/lib/python3.10/site-packages/airflow/example_dags/example_setup_teardown.py                                                            0           0                                                            0
/home/saadh/.local/lib/python3.10/site-packages/airflow/example_dags/example_latest_only_with_trigger.py                                                  0           0                                                            0
================================================================================
[2025-03-22T19:33:27.901-0600] {manager.py:997} INFO - 
================================================================================
DAG File Processing Stats

File Path                                                                                                                        PID    Runtime      # DAGs    # Errors  Last Runtime    Last Run               Last # of DB Queries
-------------------------------------------------------------------------------------------------------------------------------  -----  ---------  --------  ----------  --------------  -------------------  ----------------------
/home/saadh/.local/lib/python3.10/site-packages/airflow/example_dags/example_datasets.py                                                                 10           0  10.15s          2025-03-23T01:32:20                     379
/home/saadh/.local/lib/python3.10/site-packages/airflow/example_dags/example_dataset_alias.py                                                             4           0  6.10s           2025-03-23T01:30:57                     157
/home/saadh/.local/lib/python3.10/site-packages/airflow/example_dags/example_dataset_alias_with_no_taskflow.py                                            4           0  4.73s           2025-03-23T01:33:04                     157
/home/saadh/.local/lib/python3.10/site-packages/airflow/example_dags/example_outlet_event_extra.py                                                        3           0  4.43s           2025-03-23T01:31:13                     118
/home/saadh/.local/lib/python3.10/site-packages/airflow/example_dags/example_inlet_event_extra.py                                                         2           0  4.09s           2025-03-23T01:33:09                      81
/home/saadh/.local/lib/python3.10/site-packages/airflow/example_dags/example_branch_datetime_operator.py                                                  3           0  4.02s           2025-03-23T01:31:32                     117
/home/saadh/.local/lib/python3.10/site-packages/airflow/example_dags/example_branch_python_dop_operator_3.py                                              1           0  3.41s           2025-03-23T01:32:03                      45
/home/saadh/.local/lib/python3.10/site-packages/airflow/example_dags/example_xcomargs.py                                                                  2           0  3.02s           2025-03-23T01:30:15                      79
/home/saadh/.local/lib/python3.10/site-packages/airflow/example_dags/example_python_operator.py                                                           1           0  2.72s           2025-03-23T01:31:17                      43
/home/saadh/.local/lib/python3.10/site-packages/airflow/example_dags/example_params_ui_tutorial.py                                                        1           0  2.53s           2025-03-23T01:31:01                      43
/home/saadh/.local/lib/python3.10/site-packages/airflow/example_dags/example_external_task_marker_dag.py                                                  2           0  2.52s           2025-03-23T01:31:58                      79
/home/saadh/.local/lib/python3.10/site-packages/airflow/example_dags/example_python_decorator.py                                                          1           0  2.52s           2025-03-23T01:32:27                      43
/home/saadh/.local/lib/python3.10/site-packages/airflow/example_dags/example_passing_params_via_test_command.py                                           1           0  2.45s           2025-03-23T01:31:07                      45
/home/saadh/.local/lib/python3.10/site-packages/airflow/example_dags/example_trigger_target_dag.py                                                        1           0  2.43s           2025-03-23T01:30:27                      43
/home/saadh/.local/lib/python3.10/site-packages/airflow/example_dags/example_bash_operator.py                                                             1           0  2.43s           2025-03-23T01:32:39                      45
/home/saadh/.local/lib/python3.10/site-packages/airflow/example_dags/example_subdag_operator.py                                                           3           0  2.42s           2025-03-23T01:31:54                      53
/home/saadh/.local/lib/python3.10/site-packages/airflow/example_dags/example_display_name.py                                                              1           0  2.22s           2025-03-23T01:33:18                      43
/home/saadh/.local/lib/python3.10/site-packages/airflow/example_dags/example_task_group_decorator.py                                                      1           0  2.14s           2025-03-23T01:30:47                      43
/home/saadh/.local/lib/python3.10/site-packages/airflow/example_dags/example_sensor_decorator.py                                                          1           0  2.13s           2025-03-23T01:31:24                      43
/home/saadh/.local/lib/python3.10/site-packages/airflow/example_dags/tutorial_objectstorage.py                                                            1           0  2.12s           2025-03-23T01:30:30                      43
/home/saadh/.local/lib/python3.10/site-packages/airflow/example_dags/example_workday_timetable.py                                                         1           0  2.03s           2025-03-23T01:30:34                      45
/home/saadh/.local/lib/python3.10/site-packages/airflow/example_dags/example_task_group.py                                                                1           0  2.02s           2025-03-23T01:32:54                      43
/home/saadh/.local/lib/python3.10/site-packages/airflow/example_dags/example_latest_only.py                                                               1           0  1.92s           2025-03-23T01:32:09                      45
/home/saadh/.local/lib/python3.10/site-packages/airflow/example_dags/example_setup_teardown_taskflow.py                                                   1           0  1.92s           2025-03-23T01:32:45                      43
/home/saadh/.local/lib/python3.10/site-packages/airflow/example_dags/example_sla_dag.py                                                                   1           0  1.92s           2025-03-23T01:32:24                      45
/home/saadh/.local/lib/python3.10/site-packages/airflow/example_dags/example_setup_teardown.py                                                            1           0  1.92s           2025-03-23T01:33:22                      43
/home/saadh/.local/lib/python3.10/site-packages/airflow/example_dags/example_dynamic_task_mapping_with_no_taskflow_operators.py                           1           0  1.91s           2025-03-23T01:30:50                      43
/home/saadh/.local/lib/python3.10/site-packages/airflow/example_dags/tutorial_taskflow_templates.py                                                       1           0  1.82s           2025-03-23T01:30:23                      45
/home/saadh/.local/lib/python3.10/site-packages/airflow/example_dags/tutorial.py                                                                          1           0  1.82s           2025-03-23T01:30:18                      45
/home/saadh/.local/lib/python3.10/site-packages/airflow/example_dags/example_latest_only_with_trigger.py                                                  1           0  1.82s           2025-03-23T01:33:25                      45
/home/saadh/.local/lib/python3.10/site-packages/airflow/example_dags/example_trigger_controller_dag.py                                                    1           0  1.82s           2025-03-23T01:33:13                      45
/home/saadh/.local/lib/python3.10/site-packages/airflow/example_dags/tutorial_taskflow_api.py                                                             1           0  1.81s           2025-03-23T01:30:11                      43
/home/saadh/.local/lib/python3.10/site-packages/airflow/example_dags/example_complex.py                                                                   1           0  1.72s           2025-03-23T01:32:58                      43
/home/saadh/.local/lib/python3.10/site-packages/airflow/example_dags/example_branch_day_of_week_operator.py                                               1           0  1.72s           2025-03-23T01:32:49                      45
/home/saadh/.local/lib/python3.10/site-packages/airflow/example_dags/example_time_delta_sensor_async.py                                                   1           0  1.72s           2025-03-23T01:31:50                      43
/home/saadh/.local/lib/python3.10/site-packages/airflow/example_dags/example_skip_dag.py                                                                  1           0  1.71s           2025-03-23T01:32:42                      45
/home/saadh/.local/lib/python3.10/site-packages/airflow/example_dags/example_nested_branch_dag.py                                                         1           0  1.71s           2025-03-23T01:31:35                      45
/home/saadh/.local/lib/python3.10/site-packages/airflow/example_dags/example_xcom.py                                                                      1           0  1.71s           2025-03-23T01:30:06                      45
/home/saadh/.local/lib/python3.10/site-packages/airflow/example_dags/example_bash_decorator.py                                                            1           0  1.61s           2025-03-23T01:31:41                      43
/home/saadh/.local/lib/python3.10/site-packages/airflow/example_dags/example_short_circuit_decorator.py                                                   1           0  1.61s           2025-03-23T01:31:38                      43
/home/saadh/.local/lib/python3.10/site-packages/airflow/example_dags/example_sensors.py                                                                   1           0  1.61s           2025-03-23T01:31:20                      43
/home/saadh/.local/lib/python3.10/site-packages/airflow/example_dags/tutorial_dag.py                                                                      1           0  1.61s           2025-03-23T01:30:08                      43
/home/saadh/.local/lib/python3.10/site-packages/airflow/example_dags/example_params_trigger_ui.py                                                         1           0  1.52s           2025-03-23T01:32:33                      43
/home/saadh/.local/lib/python3.10/site-packages/airflow/example_dags/example_short_circuit_operator.py                                                    1           0  1.42s           2025-03-23T01:31:44                      43
/home/saadh/.local/lib/python3.10/site-packages/airflow/example_dags/example_branch_labels.py                                                             1           0  1.41s           2025-03-23T01:32:30                      45
/home/saadh/.local/lib/python3.10/site-packages/airflow/example_dags/example_dag_decorator.py                                                             1           0  1.32s           2025-03-23T01:31:47                      43
/home/saadh/.local/lib/python3.10/site-packages/airflow/example_dags/example_dynamic_task_mapping.py                                                      1           0  1.31s           2025-03-23T01:32:06                      43
/home/saadh/.local/lib/python3.10/site-packages/airflow/example_dags/example_branch_operator_decorator.py                                                 0           0  0.92s           2025-03-23T01:31:03                       3
/mnt/c/Users/saadh/Desktop/GatherUp-event-intelligence/dags/event_fetcher_dag.py                                                                          0           1  0.91s           2025-03-23T01:33:27                       5
/home/saadh/.local/lib/python3.10/site-packages/airflow/example_dags/example_branch_operator.py                                                           0           0  0.81s           2025-03-23T01:32:51                       3
/home/saadh/.local/lib/python3.10/site-packages/airflow/example_dags/example_kubernetes_executor.py                                                       0           0  0.41s           2025-03-23T01:33:15                       3
/home/saadh/.local/lib/python3.10/site-packages/airflow/example_dags/plugins/workday.py                                                                   0           0  0.41s           2025-03-23T01:30:43                       3
/home/saadh/.local/lib/python3.10/site-packages/airflow/example_dags/tutorial_taskflow_api_virtualenv.py                                                  0           0  0.41s           2025-03-23T01:30:03                       3
/home/saadh/.local/lib/python3.10/site-packages/airflow/example_dags/plugins/decreasing_priority_weight_strategy.py                                       0           0  0.33s           2025-03-23T01:30:39                       3
/home/saadh/.local/lib/python3.10/site-packages/airflow/example_dags/plugins/event_listener.py                                                            0           0  0.31s           2025-03-23T01:30:41                       3
/home/saadh/.local/lib/python3.10/site-packages/airflow/example_dags/subdags/subdag.py                                                                    0           0  0.31s           2025-03-23T01:30:36                       3
/home/saadh/.local/lib/python3.10/site-packages/airflow/example_dags/plugins/listener_plugin.py                                                           0           0  0.31s           2025-03-23T01:30:38                       3
/home/saadh/.local/lib/python3.10/site-packages/airflow/example_dags/example_local_kubernetes_executor.py                                                 0           0  0.21s           2025-03-23T01:31:25                       3
================================================================================
[2025-03-22T19:33:45.542-0600] {manager.py:465} INFO - Exiting gracefully upon receiving signal 15
[2025-03-22T19:37:13.638-0600] {manager.py:483} INFO - Processing files using up to 1 processes at a time 
[2025-03-22T19:37:13.641-0600] {manager.py:484} INFO - Process each file at most once every 30 seconds
[2025-03-22T19:37:13.643-0600] {manager.py:485} INFO - Checking for new files in /mnt/c/Users/saadh/Desktop/GatherUp-event-intelligence/dags every 300 seconds
[2025-03-22T19:37:13.646-0600] {manager.py:821} INFO - Searching for files in /mnt/c/Users/saadh/Desktop/GatherUp-event-intelligence/dags
[2025-03-22T19:37:13.777-0600] {manager.py:824} INFO - There are 58 files in /mnt/c/Users/saadh/Desktop/GatherUp-event-intelligence/dags
[2025-03-22T19:37:17.375-0600] {manager.py:997} INFO - 
================================================================================
DAG File Processing Stats

File Path                                                                                                                        PID    Runtime      # DAGs    # Errors  Last Runtime    Last Run               Last # of DB Queries
-------------------------------------------------------------------------------------------------------------------------------  -----  ---------  --------  ----------  --------------  -------------------  ----------------------
/mnt/c/Users/saadh/Desktop/GatherUp-event-intelligence/dags/event_fetcher_dag.py                                                                          1           0  3.12s           2025-03-23T01:37:17                      45
/home/saadh/.local/lib/python3.10/site-packages/airflow/example_dags/example_task_group_decorator.py                                                      0           0                                                            0
/home/saadh/.local/lib/python3.10/site-packages/airflow/example_dags/example_dynamic_task_mapping_with_no_taskflow_operators.py                           0           0                                                            0
/home/saadh/.local/lib/python3.10/site-packages/airflow/example_dags/example_dataset_alias.py                                                             0           0                                                            0
/home/saadh/.local/lib/python3.10/site-packages/airflow/example_dags/example_params_ui_tutorial.py                                                        0           0                                                            0
/home/saadh/.local/lib/python3.10/site-packages/airflow/example_dags/tutorial_taskflow_api_virtualenv.py                                                  0           0                                                            0
/home/saadh/.local/lib/python3.10/site-packages/airflow/example_dags/example_branch_operator_decorator.py                                                 0           0                                                            0
/home/saadh/.local/lib/python3.10/site-packages/airflow/example_dags/example_passing_params_via_test_command.py                                           0           0                                                            0
/home/saadh/.local/lib/python3.10/site-packages/airflow/example_dags/example_outlet_event_extra.py                                                        0           0                                                            0
/home/saadh/.local/lib/python3.10/site-packages/airflow/example_dags/example_python_operator.py                                                           0           0                                                            0
/home/saadh/.local/lib/python3.10/site-packages/airflow/example_dags/example_sensors.py                                                                   0           0                                                            0
/home/saadh/.local/lib/python3.10/site-packages/airflow/example_dags/example_xcom.py                                                                      0           0                                                            0
/home/saadh/.local/lib/python3.10/site-packages/airflow/example_dags/example_sensor_decorator.py                                                          0           0                                                            0
/home/saadh/.local/lib/python3.10/site-packages/airflow/example_dags/example_local_kubernetes_executor.py                                                 0           0                                                            0
/home/saadh/.local/lib/python3.10/site-packages/airflow/example_dags/tutorial_dag.py                                                                      0           0                                                            0
/home/saadh/.local/lib/python3.10/site-packages/airflow/example_dags/example_branch_datetime_operator.py                                                  0           0                                                            0
/home/saadh/.local/lib/python3.10/site-packages/airflow/example_dags/example_nested_branch_dag.py                                                         0           0                                                            0
/home/saadh/.local/lib/python3.10/site-packages/airflow/example_dags/example_short_circuit_decorator.py                                                   0           0                                                            0
/home/saadh/.local/lib/python3.10/site-packages/airflow/example_dags/tutorial_taskflow_api.py                                                             0           0                                                            0
/home/saadh/.local/lib/python3.10/site-packages/airflow/example_dags/example_bash_decorator.py                                                            0           0                                                            0
/home/saadh/.local/lib/python3.10/site-packages/airflow/example_dags/example_short_circuit_operator.py                                                    0           0                                                            0
/home/saadh/.local/lib/python3.10/site-packages/airflow/example_dags/example_dag_decorator.py                                                             0           0                                                            0
/home/saadh/.local/lib/python3.10/site-packages/airflow/example_dags/example_time_delta_sensor_async.py                                                   0           0                                                            0
/home/saadh/.local/lib/python3.10/site-packages/airflow/example_dags/example_subdag_operator.py                                                           0           0                                                            0
/home/saadh/.local/lib/python3.10/site-packages/airflow/example_dags/example_external_task_marker_dag.py                                                  0           0                                                            0
/home/saadh/.local/lib/python3.10/site-packages/airflow/example_dags/example_branch_python_dop_operator_3.py                                              0           0                                                            0
/home/saadh/.local/lib/python3.10/site-packages/airflow/example_dags/example_dynamic_task_mapping.py                                                      0           0                                                            0
/home/saadh/.local/lib/python3.10/site-packages/airflow/example_dags/example_xcomargs.py                                                                  0           0                                                            0
/home/saadh/.local/lib/python3.10/site-packages/airflow/example_dags/example_latest_only.py                                                               0           0                                                            0
/home/saadh/.local/lib/python3.10/site-packages/airflow/example_dags/example_datasets.py                                                                  0           0                                                            0
/home/saadh/.local/lib/python3.10/site-packages/airflow/example_dags/example_sla_dag.py                                                                   0           0                                                            0
/home/saadh/.local/lib/python3.10/site-packages/airflow/example_dags/example_python_decorator.py                                                          0           0                                                            0
/home/saadh/.local/lib/python3.10/site-packages/airflow/example_dags/tutorial.py                                                                          0           0                                                            0
/home/saadh/.local/lib/python3.10/site-packages/airflow/example_dags/tutorial_taskflow_templates.py                                                       0           0                                                            0
/home/saadh/.local/lib/python3.10/site-packages/airflow/example_dags/example_branch_labels.py                                                             0           0                                                            0
/home/saadh/.local/lib/python3.10/site-packages/airflow/example_dags/example_params_trigger_ui.py                                                         0           0                                                            0
/home/saadh/.local/lib/python3.10/site-packages/airflow/example_dags/example_bash_operator.py                                                             0           0                                                            0
/home/saadh/.local/lib/python3.10/site-packages/airflow/example_dags/example_trigger_target_dag.py                                                        0           0                                                            0
/home/saadh/.local/lib/python3.10/site-packages/airflow/example_dags/example_skip_dag.py                                                                  0           0                                                            0
/home/saadh/.local/lib/python3.10/site-packages/airflow/example_dags/example_setup_teardown_taskflow.py                                                   0           0                                                            0
/home/saadh/.local/lib/python3.10/site-packages/airflow/example_dags/example_branch_day_of_week_operator.py                                               0           0                                                            0
/home/saadh/.local/lib/python3.10/site-packages/airflow/example_dags/example_branch_operator.py                                                           0           0                                                            0
/home/saadh/.local/lib/python3.10/site-packages/airflow/example_dags/tutorial_objectstorage.py                                                            0           0                                                            0
/home/saadh/.local/lib/python3.10/site-packages/airflow/example_dags/example_task_group.py                                                                0           0                                                            0
/home/saadh/.local/lib/python3.10/site-packages/airflow/example_dags/example_complex.py                                                                   0           0                                                            0
/home/saadh/.local/lib/python3.10/site-packages/airflow/example_dags/example_workday_timetable.py                                                         0           0                                                            0
/home/saadh/.local/lib/python3.10/site-packages/airflow/example_dags/example_dataset_alias_with_no_taskflow.py                                            0           0                                                            0
/home/saadh/.local/lib/python3.10/site-packages/airflow/example_dags/example_inlet_event_extra.py                                                         0           0                                                            0
/home/saadh/.local/lib/python3.10/site-packages/airflow/example_dags/example_trigger_controller_dag.py                                                    0           0                                                            0
/home/saadh/.local/lib/python3.10/site-packages/airflow/example_dags/example_kubernetes_executor.py                                                       0           0                                                            0
/home/saadh/.local/lib/python3.10/site-packages/airflow/example_dags/example_display_name.py                                                              0           0                                                            0
/home/saadh/.local/lib/python3.10/site-packages/airflow/example_dags/example_setup_teardown.py                                                            0           0                                                            0
/home/saadh/.local/lib/python3.10/site-packages/airflow/example_dags/example_latest_only_with_trigger.py                                                  0           0                                                            0
/home/saadh/.local/lib/python3.10/site-packages/airflow/example_dags/subdags/subdag.py                                                                    0           0                                                            0
/home/saadh/.local/lib/python3.10/site-packages/airflow/example_dags/plugins/listener_plugin.py                                                           0           0                                                            0
/home/saadh/.local/lib/python3.10/site-packages/airflow/example_dags/plugins/decreasing_priority_weight_strategy.py                                       0           0                                                            0
/home/saadh/.local/lib/python3.10/site-packages/airflow/example_dags/plugins/event_listener.py                                                            0           0                                                            0
/home/saadh/.local/lib/python3.10/site-packages/airflow/example_dags/plugins/workday.py                                                                   0           0                                                            0
================================================================================
[2025-03-22T19:38:28.119-0600] {manager.py:997} INFO - 
================================================================================
DAG File Processing Stats

File Path                                                                                                                        PID    Runtime      # DAGs    # Errors  Last Runtime    Last Run               Last # of DB Queries
-------------------------------------------------------------------------------------------------------------------------------  -----  ---------  --------  ----------  --------------  -------------------  ----------------------
/mnt/c/Users/saadh/Desktop/GatherUp-event-intelligence/dags/event_fetcher_dag.py                                                                          1           0  3.12s           2025-03-23T01:37:17                      45
/home/saadh/.local/lib/python3.10/site-packages/airflow/example_dags/example_xcom.py                                                                      1           0  0.81s           2025-03-23T01:37:21                      12
/home/saadh/.local/lib/python3.10/site-packages/airflow/example_dags/tutorial_dag.py                                                                      1           0  0.72s           2025-03-23T01:37:23                      10
/home/saadh/.local/lib/python3.10/site-packages/airflow/example_dags/tutorial_taskflow_api.py                                                             1           0  0.71s           2025-03-23T01:37:25                      10
/home/saadh/.local/lib/python3.10/site-packages/airflow/example_dags/tutorial_objectstorage.py                                                            1           0  0.71s           2025-03-23T01:37:34                      10
/home/saadh/.local/lib/python3.10/site-packages/airflow/example_dags/example_xcomargs.py                                                                  2           0  0.71s           2025-03-23T01:37:27                      13
/home/saadh/.local/lib/python3.10/site-packages/airflow/example_dags/tutorial.py                                                                          1           0  0.71s           2025-03-23T01:37:29                      12
/home/saadh/.local/lib/python3.10/site-packages/airflow/example_dags/tutorial_taskflow_templates.py                                                       1           0  0.71s           2025-03-23T01:37:31                      12
/home/saadh/.local/lib/python3.10/site-packages/airflow/example_dags/example_workday_timetable.py                                                         1           0  0.62s           2025-03-23T01:37:36                      12
/home/saadh/.local/lib/python3.10/site-packages/airflow/example_dags/tutorial_taskflow_api_virtualenv.py                                                  0           0  0.61s           2025-03-23T01:37:19                       3
/home/saadh/.local/lib/python3.10/site-packages/airflow/example_dags/example_trigger_target_dag.py                                                        1           0  0.61s           2025-03-23T01:37:33                      10
/home/saadh/.local/lib/python3.10/site-packages/airflow/example_dags/plugins/listener_plugin.py                                                           0           0  0.41s           2025-03-23T01:37:41                       3
/home/saadh/.local/lib/python3.10/site-packages/airflow/example_dags/plugins/workday.py                                                                   0           0  0.41s           2025-03-23T01:38:28                       3
/home/saadh/.local/lib/python3.10/site-packages/airflow/example_dags/plugins/decreasing_priority_weight_strategy.py                                       0           0  0.31s           2025-03-23T01:37:43                       3
/home/saadh/.local/lib/python3.10/site-packages/airflow/example_dags/plugins/event_listener.py                                                            0           0  0.31s           2025-03-23T01:37:45                       3
/home/saadh/.local/lib/python3.10/site-packages/airflow/example_dags/subdags/subdag.py                                                                    0           0  0.21s           2025-03-23T01:37:40                       3
/home/saadh/.local/lib/python3.10/site-packages/airflow/example_dags/example_task_group_decorator.py                                                      0           0                                                            0
/home/saadh/.local/lib/python3.10/site-packages/airflow/example_dags/example_dynamic_task_mapping_with_no_taskflow_operators.py                           0           0                                                            0
/home/saadh/.local/lib/python3.10/site-packages/airflow/example_dags/example_dataset_alias.py                                                             0           0                                                            0
/home/saadh/.local/lib/python3.10/site-packages/airflow/example_dags/example_params_ui_tutorial.py                                                        0           0                                                            0
/home/saadh/.local/lib/python3.10/site-packages/airflow/example_dags/example_branch_operator_decorator.py                                                 0           0                                                            0
/home/saadh/.local/lib/python3.10/site-packages/airflow/example_dags/example_passing_params_via_test_command.py                                           0           0                                                            0
/home/saadh/.local/lib/python3.10/site-packages/airflow/example_dags/example_outlet_event_extra.py                                                        0           0                                                            0
/home/saadh/.local/lib/python3.10/site-packages/airflow/example_dags/example_python_operator.py                                                           0           0                                                            0
/home/saadh/.local/lib/python3.10/site-packages/airflow/example_dags/example_sensors.py                                                                   0           0                                                            0
/home/saadh/.local/lib/python3.10/site-packages/airflow/example_dags/example_sensor_decorator.py                                                          0           0                                                            0
/home/saadh/.local/lib/python3.10/site-packages/airflow/example_dags/example_local_kubernetes_executor.py                                                 0           0                                                            0
/home/saadh/.local/lib/python3.10/site-packages/airflow/example_dags/example_branch_datetime_operator.py                                                  0           0                                                            0
/home/saadh/.local/lib/python3.10/site-packages/airflow/example_dags/example_nested_branch_dag.py                                                         0           0                                                            0
/home/saadh/.local/lib/python3.10/site-packages/airflow/example_dags/example_short_circuit_decorator.py                                                   0           0                                                            0
/home/saadh/.local/lib/python3.10/site-packages/airflow/example_dags/example_bash_decorator.py                                                            0           0                                                            0
/home/saadh/.local/lib/python3.10/site-packages/airflow/example_dags/example_short_circuit_operator.py                                                    0           0                                                            0
/home/saadh/.local/lib/python3.10/site-packages/airflow/example_dags/example_dag_decorator.py                                                             0           0                                                            0
/home/saadh/.local/lib/python3.10/site-packages/airflow/example_dags/example_time_delta_sensor_async.py                                                   0           0                                                            0
/home/saadh/.local/lib/python3.10/site-packages/airflow/example_dags/example_subdag_operator.py                                                           0           0                                                            0
/home/saadh/.local/lib/python3.10/site-packages/airflow/example_dags/example_external_task_marker_dag.py                                                  0           0                                                            0
/home/saadh/.local/lib/python3.10/site-packages/airflow/example_dags/example_branch_python_dop_operator_3.py                                              0           0                                                            0
/home/saadh/.local/lib/python3.10/site-packages/airflow/example_dags/example_dynamic_task_mapping.py                                                      0           0                                                            0
/home/saadh/.local/lib/python3.10/site-packages/airflow/example_dags/example_latest_only.py                                                               0           0                                                            0
/home/saadh/.local/lib/python3.10/site-packages/airflow/example_dags/example_datasets.py                                                                  0           0                                                            0
/home/saadh/.local/lib/python3.10/site-packages/airflow/example_dags/example_sla_dag.py                                                                   0           0                                                            0
/home/saadh/.local/lib/python3.10/site-packages/airflow/example_dags/example_python_decorator.py                                                          0           0                                                            0
/home/saadh/.local/lib/python3.10/site-packages/airflow/example_dags/example_branch_labels.py                                                             0           0                                                            0
/home/saadh/.local/lib/python3.10/site-packages/airflow/example_dags/example_params_trigger_ui.py                                                         0           0                                                            0
/home/saadh/.local/lib/python3.10/site-packages/airflow/example_dags/example_bash_operator.py                                                             0           0                                                            0
/home/saadh/.local/lib/python3.10/site-packages/airflow/example_dags/example_skip_dag.py                                                                  0           0                                                            0
/home/saadh/.local/lib/python3.10/site-packages/airflow/example_dags/example_setup_teardown_taskflow.py                                                   0           0                                                            0
/home/saadh/.local/lib/python3.10/site-packages/airflow/example_dags/example_branch_day_of_week_operator.py                                               0           0                                                            0
/home/saadh/.local/lib/python3.10/site-packages/airflow/example_dags/example_branch_operator.py                                                           0           0                                                            0
/home/saadh/.local/lib/python3.10/site-packages/airflow/example_dags/example_task_group.py                                                                0           0                                                            0
/home/saadh/.local/lib/python3.10/site-packages/airflow/example_dags/example_complex.py                                                                   0           0                                                            0
/home/saadh/.local/lib/python3.10/site-packages/airflow/example_dags/example_dataset_alias_with_no_taskflow.py                                            0           0                                                            0
/home/saadh/.local/lib/python3.10/site-packages/airflow/example_dags/example_inlet_event_extra.py                                                         0           0                                                            0
/home/saadh/.local/lib/python3.10/site-packages/airflow/example_dags/example_trigger_controller_dag.py                                                    0           0                                                            0
/home/saadh/.local/lib/python3.10/site-packages/airflow/example_dags/example_kubernetes_executor.py                                                       0           0                                                            0
/home/saadh/.local/lib/python3.10/site-packages/airflow/example_dags/example_display_name.py                                                              0           0                                                            0
/home/saadh/.local/lib/python3.10/site-packages/airflow/example_dags/example_setup_teardown.py                                                            0           0                                                            0
/home/saadh/.local/lib/python3.10/site-packages/airflow/example_dags/example_latest_only_with_trigger.py                                                  0           0                                                            0
================================================================================
[2025-03-22T19:39:00.452-0600] {manager.py:997} INFO - 
================================================================================
DAG File Processing Stats

File Path                                                                                                                        PID    Runtime      # DAGs    # Errors  Last Runtime    Last Run               Last # of DB Queries
-------------------------------------------------------------------------------------------------------------------------------  -----  ---------  --------  ----------  --------------  -------------------  ----------------------
/mnt/c/Users/saadh/Desktop/GatherUp-event-intelligence/dags/event_fetcher_dag.py                                                                          1           0  3.12s           2025-03-23T01:37:17                      45
/home/saadh/.local/lib/python3.10/site-packages/airflow/example_dags/example_python_operator.py                                                           1           0  2.86s           2025-03-23T01:38:46                      10
/home/saadh/.local/lib/python3.10/site-packages/airflow/example_dags/example_dataset_alias.py                                                             4           0  1.01s           2025-03-23T01:38:34                      27
/home/saadh/.local/lib/python3.10/site-packages/airflow/example_dags/example_branch_datetime_operator.py                                                  3           0  0.91s           2025-03-23T01:38:53                      18
/home/saadh/.local/lib/python3.10/site-packages/airflow/example_dags/example_dynamic_task_mapping_with_no_taskflow_operators.py                           1           0  0.91s           2025-03-23T01:38:32                      10
/home/saadh/.local/lib/python3.10/site-packages/airflow/example_dags/example_bash_decorator.py                                                            1           0  0.81s           2025-03-23T01:38:59                      32
/home/saadh/.local/lib/python3.10/site-packages/airflow/example_dags/example_xcom.py                                                                      1           0  0.81s           2025-03-23T01:37:21                      12
/home/saadh/.local/lib/python3.10/site-packages/airflow/example_dags/example_task_group_decorator.py                                                      1           0  0.72s           2025-03-23T01:38:30                      10
/home/saadh/.local/lib/python3.10/site-packages/airflow/example_dags/tutorial_dag.py                                                                      1           0  0.72s           2025-03-23T01:37:23                      10
/home/saadh/.local/lib/python3.10/site-packages/airflow/example_dags/tutorial_taskflow_api.py                                                             1           0  0.71s           2025-03-23T01:37:25                      10
/home/saadh/.local/lib/python3.10/site-packages/airflow/example_dags/example_branch_operator_decorator.py                                                 0           0  0.71s           2025-03-23T01:38:38                       3
/home/saadh/.local/lib/python3.10/site-packages/airflow/example_dags/example_params_ui_tutorial.py                                                        1           0  0.71s           2025-03-23T01:38:37                      10
/home/saadh/.local/lib/python3.10/site-packages/airflow/example_dags/tutorial_objectstorage.py                                                            1           0  0.71s           2025-03-23T01:37:34                      10
/home/saadh/.local/lib/python3.10/site-packages/airflow/example_dags/example_xcomargs.py                                                                  2           0  0.71s           2025-03-23T01:37:27                      13
/home/saadh/.local/lib/python3.10/site-packages/airflow/example_dags/tutorial.py                                                                          1           0  0.71s           2025-03-23T01:37:29                      12
/home/saadh/.local/lib/python3.10/site-packages/airflow/example_dags/tutorial_taskflow_templates.py                                                       1           0  0.71s           2025-03-23T01:37:31                      12
/home/saadh/.local/lib/python3.10/site-packages/airflow/example_dags/example_short_circuit_operator.py                                                    1           0  0.62s           2025-03-23T01:39:00                      10
/home/saadh/.local/lib/python3.10/site-packages/airflow/example_dags/example_workday_timetable.py                                                         1           0  0.62s           2025-03-23T01:37:36                      12
/home/saadh/.local/lib/python3.10/site-packages/airflow/example_dags/example_outlet_event_extra.py                                                        3           0  0.61s           2025-03-23T01:38:42                      19
/home/saadh/.local/lib/python3.10/site-packages/airflow/example_dags/tutorial_taskflow_api_virtualenv.py                                                  0           0  0.61s           2025-03-23T01:37:19                       3
/home/saadh/.local/lib/python3.10/site-packages/airflow/example_dags/example_trigger_target_dag.py                                                        1           0  0.61s           2025-03-23T01:37:33                      10
/home/saadh/.local/lib/python3.10/site-packages/airflow/example_dags/example_sensors.py                                                                   1           0  0.51s           2025-03-23T01:38:48                      10
/home/saadh/.local/lib/python3.10/site-packages/airflow/example_dags/example_nested_branch_dag.py                                                         1           0  0.51s           2025-03-23T01:38:55                      12
/home/saadh/.local/lib/python3.10/site-packages/airflow/example_dags/example_passing_params_via_test_command.py                                           1           0  0.51s           2025-03-23T01:38:40                      12
/home/saadh/.local/lib/python3.10/site-packages/airflow/example_dags/plugins/listener_plugin.py                                                           0           0  0.41s           2025-03-23T01:37:41                       3
/home/saadh/.local/lib/python3.10/site-packages/airflow/example_dags/example_short_circuit_decorator.py                                                   1           0  0.41s           2025-03-23T01:38:57                      10
/home/saadh/.local/lib/python3.10/site-packages/airflow/example_dags/plugins/workday.py                                                                   0           0  0.41s           2025-03-23T01:38:28                       3
/home/saadh/.local/lib/python3.10/site-packages/airflow/example_dags/example_sensor_decorator.py                                                          1           0  0.41s           2025-03-23T01:38:49                      10
/home/saadh/.local/lib/python3.10/site-packages/airflow/example_dags/plugins/decreasing_priority_weight_strategy.py                                       0           0  0.31s           2025-03-23T01:37:43                       3
/home/saadh/.local/lib/python3.10/site-packages/airflow/example_dags/plugins/event_listener.py                                                            0           0  0.31s           2025-03-23T01:37:45                       3
/home/saadh/.local/lib/python3.10/site-packages/airflow/example_dags/example_local_kubernetes_executor.py                                                 0           0  0.22s           2025-03-23T01:38:51                       3
/home/saadh/.local/lib/python3.10/site-packages/airflow/example_dags/subdags/subdag.py                                                                    0           0  0.21s           2025-03-23T01:37:40                       3
/home/saadh/.local/lib/python3.10/site-packages/airflow/example_dags/example_dag_decorator.py                                                             0           0                                                            0
/home/saadh/.local/lib/python3.10/site-packages/airflow/example_dags/example_time_delta_sensor_async.py                                                   0           0                                                            0
/home/saadh/.local/lib/python3.10/site-packages/airflow/example_dags/example_subdag_operator.py                                                           0           0                                                            0
/home/saadh/.local/lib/python3.10/site-packages/airflow/example_dags/example_external_task_marker_dag.py                                                  0           0                                                            0
/home/saadh/.local/lib/python3.10/site-packages/airflow/example_dags/example_branch_python_dop_operator_3.py                                              0           0                                                            0
/home/saadh/.local/lib/python3.10/site-packages/airflow/example_dags/example_dynamic_task_mapping.py                                                      0           0                                                            0
/home/saadh/.local/lib/python3.10/site-packages/airflow/example_dags/example_latest_only.py                                                               0           0                                                            0
/home/saadh/.local/lib/python3.10/site-packages/airflow/example_dags/example_datasets.py                                                                  0           0                                                            0
/home/saadh/.local/lib/python3.10/site-packages/airflow/example_dags/example_sla_dag.py                                                                   0           0                                                            0
/home/saadh/.local/lib/python3.10/site-packages/airflow/example_dags/example_python_decorator.py                                                          0           0                                                            0
/home/saadh/.local/lib/python3.10/site-packages/airflow/example_dags/example_branch_labels.py                                                             0           0                                                            0
/home/saadh/.local/lib/python3.10/site-packages/airflow/example_dags/example_params_trigger_ui.py                                                         0           0                                                            0
/home/saadh/.local/lib/python3.10/site-packages/airflow/example_dags/example_bash_operator.py                                                             0           0                                                            0
/home/saadh/.local/lib/python3.10/site-packages/airflow/example_dags/example_skip_dag.py                                                                  0           0                                                            0
/home/saadh/.local/lib/python3.10/site-packages/airflow/example_dags/example_setup_teardown_taskflow.py                                                   0           0                                                            0
/home/saadh/.local/lib/python3.10/site-packages/airflow/example_dags/example_branch_day_of_week_operator.py                                               0           0                                                            0
/home/saadh/.local/lib/python3.10/site-packages/airflow/example_dags/example_branch_operator.py                                                           0           0                                                            0
/home/saadh/.local/lib/python3.10/site-packages/airflow/example_dags/example_task_group.py                                                                0           0                                                            0
/home/saadh/.local/lib/python3.10/site-packages/airflow/example_dags/example_complex.py                                                                   0           0                                                            0
/home/saadh/.local/lib/python3.10/site-packages/airflow/example_dags/example_dataset_alias_with_no_taskflow.py                                            0           0                                                            0
/home/saadh/.local/lib/python3.10/site-packages/airflow/example_dags/example_inlet_event_extra.py                                                         0           0                                                            0
/home/saadh/.local/lib/python3.10/site-packages/airflow/example_dags/example_trigger_controller_dag.py                                                    0           0                                                            0
/home/saadh/.local/lib/python3.10/site-packages/airflow/example_dags/example_kubernetes_executor.py                                                       0           0                                                            0
/home/saadh/.local/lib/python3.10/site-packages/airflow/example_dags/example_display_name.py                                                              0           0                                                            0
/home/saadh/.local/lib/python3.10/site-packages/airflow/example_dags/example_setup_teardown.py                                                            0           0                                                            0
/home/saadh/.local/lib/python3.10/site-packages/airflow/example_dags/example_latest_only_with_trigger.py                                                  0           0                                                            0
================================================================================
[2025-03-22T19:39:33.139-0600] {manager.py:997} INFO - 
================================================================================
DAG File Processing Stats

File Path                                                                                                                        PID    Runtime      # DAGs    # Errors  Last Runtime    Last Run               Last # of DB Queries
-------------------------------------------------------------------------------------------------------------------------------  -----  ---------  --------  ----------  --------------  -------------------  ----------------------
/mnt/c/Users/saadh/Desktop/GatherUp-event-intelligence/dags/event_fetcher_dag.py                                                                          1           0  3.12s           2025-03-23T01:37:17                      45
/home/saadh/.local/lib/python3.10/site-packages/airflow/example_dags/example_python_operator.py                                                           1           0  2.86s           2025-03-23T01:38:46                      10
/home/saadh/.local/lib/python3.10/site-packages/airflow/example_dags/example_datasets.py                                                                 10           0  1.21s           2025-03-23T01:39:17                      49
/home/saadh/.local/lib/python3.10/site-packages/airflow/example_dags/example_python_decorator.py                                                          1           0  1.11s           2025-03-23T01:39:22                      10
/home/saadh/.local/lib/python3.10/site-packages/airflow/example_dags/example_dag_decorator.py                                                             1           0  1.11s           2025-03-23T01:39:03                      32
/home/saadh/.local/lib/python3.10/site-packages/airflow/example_dags/example_dataset_alias.py                                                             4           0  1.01s           2025-03-23T01:38:34                      27
/home/saadh/.local/lib/python3.10/site-packages/airflow/example_dags/example_branch_datetime_operator.py                                                  3           0  0.91s           2025-03-23T01:38:53                      18
/home/saadh/.local/lib/python3.10/site-packages/airflow/example_dags/example_dynamic_task_mapping_with_no_taskflow_operators.py                           1           0  0.91s           2025-03-23T01:38:32                      10
/home/saadh/.local/lib/python3.10/site-packages/airflow/example_dags/example_bash_decorator.py                                                            1           0  0.81s           2025-03-23T01:38:59                      32
/home/saadh/.local/lib/python3.10/site-packages/airflow/example_dags/example_subdag_operator.py                                                           3           0  0.81s           2025-03-23T01:39:07                      20
/home/saadh/.local/lib/python3.10/site-packages/airflow/example_dags/example_xcom.py                                                                      1           0  0.81s           2025-03-23T01:37:21                      12
/home/saadh/.local/lib/python3.10/site-packages/airflow/example_dags/example_task_group_decorator.py                                                      1           0  0.72s           2025-03-23T01:38:30                      10
/home/saadh/.local/lib/python3.10/site-packages/airflow/example_dags/tutorial_dag.py                                                                      1           0  0.72s           2025-03-23T01:37:23                      10
/home/saadh/.local/lib/python3.10/site-packages/airflow/example_dags/tutorial_taskflow_api.py                                                             1           0  0.71s           2025-03-23T01:37:25                      10
/home/saadh/.local/lib/python3.10/site-packages/airflow/example_dags/example_branch_operator_decorator.py                                                 0           0  0.71s           2025-03-23T01:38:38                       3
/home/saadh/.local/lib/python3.10/site-packages/airflow/example_dags/example_params_ui_tutorial.py                                                        1           0  0.71s           2025-03-23T01:38:37                      10
/home/saadh/.local/lib/python3.10/site-packages/airflow/example_dags/tutorial_objectstorage.py                                                            1           0  0.71s           2025-03-23T01:37:34                      10
/home/saadh/.local/lib/python3.10/site-packages/airflow/example_dags/example_skip_dag.py                                                                  1           0  0.71s           2025-03-23T01:39:30                      12
/home/saadh/.local/lib/python3.10/site-packages/airflow/example_dags/example_time_delta_sensor_async.py                                                   1           0  0.71s           2025-03-23T01:39:05                      10
/home/saadh/.local/lib/python3.10/site-packages/airflow/example_dags/example_xcomargs.py                                                                  2           0  0.71s           2025-03-23T01:37:27                      13
/home/saadh/.local/lib/python3.10/site-packages/airflow/example_dags/tutorial.py                                                                          1           0  0.71s           2025-03-23T01:37:29                      12
/home/saadh/.local/lib/python3.10/site-packages/airflow/example_dags/tutorial_taskflow_templates.py                                                       1           0  0.71s           2025-03-23T01:37:31                      12
/home/saadh/.local/lib/python3.10/site-packages/airflow/example_dags/example_short_circuit_operator.py                                                    1           0  0.62s           2025-03-23T01:39:00                      10
/home/saadh/.local/lib/python3.10/site-packages/airflow/example_dags/example_external_task_marker_dag.py                                                  2           0  0.62s           2025-03-23T01:39:09                      13
/home/saadh/.local/lib/python3.10/site-packages/airflow/example_dags/example_workday_timetable.py                                                         1           0  0.62s           2025-03-23T01:37:36                      12
/home/saadh/.local/lib/python3.10/site-packages/airflow/example_dags/example_latest_only.py                                                               1           0  0.61s           2025-03-23T01:39:15                      12
/home/saadh/.local/lib/python3.10/site-packages/airflow/example_dags/example_bash_operator.py                                                             1           0  0.61s           2025-03-23T01:39:28                      12
/home/saadh/.local/lib/python3.10/site-packages/airflow/example_dags/example_outlet_event_extra.py                                                        3           0  0.61s           2025-03-23T01:38:42                      19
/home/saadh/.local/lib/python3.10/site-packages/airflow/example_dags/tutorial_taskflow_api_virtualenv.py                                                  0           0  0.61s           2025-03-23T01:37:19                       3
/home/saadh/.local/lib/python3.10/site-packages/airflow/example_dags/example_trigger_target_dag.py                                                        1           0  0.61s           2025-03-23T01:37:33                      10
/home/saadh/.local/lib/python3.10/site-packages/airflow/example_dags/example_branch_python_dop_operator_3.py                                              1           0  0.51s           2025-03-23T01:39:11                      12
/home/saadh/.local/lib/python3.10/site-packages/airflow/example_dags/example_sensors.py                                                                   1           0  0.51s           2025-03-23T01:38:48                      10
/home/saadh/.local/lib/python3.10/site-packages/airflow/example_dags/example_nested_branch_dag.py                                                         1           0  0.51s           2025-03-23T01:38:55                      12
/home/saadh/.local/lib/python3.10/site-packages/airflow/example_dags/example_passing_params_via_test_command.py                                           1           0  0.51s           2025-03-23T01:38:40                      12
/home/saadh/.local/lib/python3.10/site-packages/airflow/example_dags/example_branch_labels.py                                                             1           0  0.51s           2025-03-23T01:39:24                      12
/home/saadh/.local/lib/python3.10/site-packages/airflow/example_dags/example_dynamic_task_mapping.py                                                      1           0  0.51s           2025-03-23T01:39:13                      10
/home/saadh/.local/lib/python3.10/site-packages/airflow/example_dags/example_setup_teardown_taskflow.py                                                   1           0  0.51s           2025-03-23T01:39:33                      10
/home/saadh/.local/lib/python3.10/site-packages/airflow/example_dags/example_sla_dag.py                                                                   1           0  0.51s           2025-03-23T01:39:18                      12
/home/saadh/.local/lib/python3.10/site-packages/airflow/example_dags/plugins/listener_plugin.py                                                           0           0  0.41s           2025-03-23T01:37:41                       3
/home/saadh/.local/lib/python3.10/site-packages/airflow/example_dags/example_params_trigger_ui.py                                                         1           0  0.41s           2025-03-23T01:39:26                      10
/home/saadh/.local/lib/python3.10/site-packages/airflow/example_dags/example_short_circuit_decorator.py                                                   1           0  0.41s           2025-03-23T01:38:57                      10
/home/saadh/.local/lib/python3.10/site-packages/airflow/example_dags/plugins/workday.py                                                                   0           0  0.41s           2025-03-23T01:38:28                       3
/home/saadh/.local/lib/python3.10/site-packages/airflow/example_dags/example_sensor_decorator.py                                                          1           0  0.41s           2025-03-23T01:38:49                      10
/home/saadh/.local/lib/python3.10/site-packages/airflow/example_dags/plugins/decreasing_priority_weight_strategy.py                                       0           0  0.31s           2025-03-23T01:37:43                       3
/home/saadh/.local/lib/python3.10/site-packages/airflow/example_dags/plugins/event_listener.py                                                            0           0  0.31s           2025-03-23T01:37:45                       3
/home/saadh/.local/lib/python3.10/site-packages/airflow/example_dags/example_local_kubernetes_executor.py                                                 0           0  0.22s           2025-03-23T01:38:51                       3
/home/saadh/.local/lib/python3.10/site-packages/airflow/example_dags/subdags/subdag.py                                                                    0           0  0.21s           2025-03-23T01:37:40                       3
/home/saadh/.local/lib/python3.10/site-packages/airflow/example_dags/example_branch_day_of_week_operator.py                                               0           0                                                            0
/home/saadh/.local/lib/python3.10/site-packages/airflow/example_dags/example_branch_operator.py                                                           0           0                                                            0
/home/saadh/.local/lib/python3.10/site-packages/airflow/example_dags/example_task_group.py                                                                0           0                                                            0
/home/saadh/.local/lib/python3.10/site-packages/airflow/example_dags/example_complex.py                                                                   0           0                                                            0
/home/saadh/.local/lib/python3.10/site-packages/airflow/example_dags/example_dataset_alias_with_no_taskflow.py                                            0           0                                                            0
/home/saadh/.local/lib/python3.10/site-packages/airflow/example_dags/example_inlet_event_extra.py                                                         0           0                                                            0
/home/saadh/.local/lib/python3.10/site-packages/airflow/example_dags/example_trigger_controller_dag.py                                                    0           0                                                            0
/home/saadh/.local/lib/python3.10/site-packages/airflow/example_dags/example_kubernetes_executor.py                                                       0           0                                                            0
/home/saadh/.local/lib/python3.10/site-packages/airflow/example_dags/example_display_name.py                                                              0           0                                                            0
/home/saadh/.local/lib/python3.10/site-packages/airflow/example_dags/example_setup_teardown.py                                                            0           0                                                            0
/home/saadh/.local/lib/python3.10/site-packages/airflow/example_dags/example_latest_only_with_trigger.py                                                  0           0                                                            0
================================================================================
[2025-03-22T19:40:06.330-0600] {manager.py:997} INFO - 
================================================================================
DAG File Processing Stats

File Path                                                                                                                        PID    Runtime      # DAGs    # Errors  Last Runtime    Last Run               Last # of DB Queries
-------------------------------------------------------------------------------------------------------------------------------  -----  ---------  --------  ----------  --------------  -------------------  ----------------------
/home/saadh/.local/lib/python3.10/site-packages/airflow/example_dags/example_python_operator.py                                                           1           0  2.86s           2025-03-23T01:38:46                      10
/mnt/c/Users/saadh/Desktop/GatherUp-event-intelligence/dags/event_fetcher_dag.py                                                                          1           0  1.61s           2025-03-23T01:39:58                      12
/home/saadh/.local/lib/python3.10/site-packages/airflow/example_dags/example_datasets.py                                                                 10           0  1.21s           2025-03-23T01:39:17                      49
/home/saadh/.local/lib/python3.10/site-packages/airflow/example_dags/example_python_decorator.py                                                          1           0  1.11s           2025-03-23T01:39:22                      10
/home/saadh/.local/lib/python3.10/site-packages/airflow/example_dags/example_dag_decorator.py                                                             1           0  1.11s           2025-03-23T01:39:03                      32
/home/saadh/.local/lib/python3.10/site-packages/airflow/example_dags/example_dataset_alias_with_no_taskflow.py                                            4           0  1.03s           2025-03-23T01:39:42                      27
/home/saadh/.local/lib/python3.10/site-packages/airflow/example_dags/example_dataset_alias.py                                                             4           0  1.01s           2025-03-23T01:38:34                      27
/home/saadh/.local/lib/python3.10/site-packages/airflow/example_dags/example_branch_datetime_operator.py                                                  3           0  0.91s           2025-03-23T01:38:53                      18
/home/saadh/.local/lib/python3.10/site-packages/airflow/example_dags/example_dynamic_task_mapping_with_no_taskflow_operators.py                           1           0  0.91s           2025-03-23T01:38:32                      10
/home/saadh/.local/lib/python3.10/site-packages/airflow/example_dags/example_bash_decorator.py                                                            1           0  0.81s           2025-03-23T01:38:59                      32
/home/saadh/.local/lib/python3.10/site-packages/airflow/example_dags/example_latest_only_with_trigger.py                                                  1           0  0.81s           2025-03-23T01:39:56                      12
/home/saadh/.local/lib/python3.10/site-packages/airflow/example_dags/example_subdag_operator.py                                                           3           0  0.81s           2025-03-23T01:39:07                      20
/home/saadh/.local/lib/python3.10/site-packages/airflow/example_dags/example_task_group_decorator.py                                                      1           0  0.72s           2025-03-23T01:38:30                      10
/home/saadh/.local/lib/python3.10/site-packages/airflow/example_dags/example_branch_day_of_week_operator.py                                               1           0  0.72s           2025-03-23T01:39:34                      12
/home/saadh/.local/lib/python3.10/site-packages/airflow/example_dags/example_branch_operator_decorator.py                                                 0           0  0.71s           2025-03-23T01:38:38                       3
/home/saadh/.local/lib/python3.10/site-packages/airflow/example_dags/example_params_ui_tutorial.py                                                        1           0  0.71s           2025-03-23T01:38:37                      10
/home/saadh/.local/lib/python3.10/site-packages/airflow/example_dags/tutorial_objectstorage.py                                                            1           0  0.71s           2025-03-23T01:37:34                      10
/home/saadh/.local/lib/python3.10/site-packages/airflow/example_dags/example_xcom.py                                                                      1           0  0.71s           2025-03-23T01:40:02                      12
/home/saadh/.local/lib/python3.10/site-packages/airflow/example_dags/example_setup_teardown.py                                                            1           0  0.71s           2025-03-23T01:39:52                      10
/home/saadh/.local/lib/python3.10/site-packages/airflow/example_dags/example_skip_dag.py                                                                  1           0  0.71s           2025-03-23T01:39:30                      12
/home/saadh/.local/lib/python3.10/site-packages/airflow/example_dags/example_time_delta_sensor_async.py                                                   1           0  0.71s           2025-03-23T01:39:05                      10
/home/saadh/.local/lib/python3.10/site-packages/airflow/example_dags/example_branch_operator.py                                                           0           0  0.71s           2025-03-23T01:39:36                       3
/home/saadh/.local/lib/python3.10/site-packages/airflow/example_dags/example_xcomargs.py                                                                  2           0  0.71s           2025-03-23T01:37:27                      13
/home/saadh/.local/lib/python3.10/site-packages/airflow/example_dags/tutorial.py                                                                          1           0  0.71s           2025-03-23T01:37:29                      12
/home/saadh/.local/lib/python3.10/site-packages/airflow/example_dags/tutorial_taskflow_templates.py                                                       1           0  0.71s           2025-03-23T01:37:31                      12
/home/saadh/.local/lib/python3.10/site-packages/airflow/example_dags/example_short_circuit_operator.py                                                    1           0  0.62s           2025-03-23T01:39:00                      10
/home/saadh/.local/lib/python3.10/site-packages/airflow/example_dags/example_external_task_marker_dag.py                                                  2           0  0.62s           2025-03-23T01:39:09                      13
/home/saadh/.local/lib/python3.10/site-packages/airflow/example_dags/example_workday_timetable.py                                                         1           0  0.62s           2025-03-23T01:37:36                      12
/home/saadh/.local/lib/python3.10/site-packages/airflow/example_dags/example_latest_only.py                                                               1           0  0.61s           2025-03-23T01:39:15                      12
/home/saadh/.local/lib/python3.10/site-packages/airflow/example_dags/example_trigger_controller_dag.py                                                    1           0  0.61s           2025-03-23T01:39:46                      12
/home/saadh/.local/lib/python3.10/site-packages/airflow/example_dags/example_bash_operator.py                                                             1           0  0.61s           2025-03-23T01:39:28                      12
/home/saadh/.local/lib/python3.10/site-packages/airflow/example_dags/example_complex.py                                                                   1           0  0.61s           2025-03-23T01:39:40                      10
/home/saadh/.local/lib/python3.10/site-packages/airflow/example_dags/example_outlet_event_extra.py                                                        3           0  0.61s           2025-03-23T01:38:42                      19
/home/saadh/.local/lib/python3.10/site-packages/airflow/example_dags/example_trigger_target_dag.py                                                        1           0  0.61s           2025-03-23T01:37:33                      10
/home/saadh/.local/lib/python3.10/site-packages/airflow/example_dags/example_inlet_event_extra.py                                                         2           0  0.52s           2025-03-23T01:39:44                      15
/home/saadh/.local/lib/python3.10/site-packages/airflow/example_dags/example_branch_python_dop_operator_3.py                                              1           0  0.51s           2025-03-23T01:39:11                      12
/home/saadh/.local/lib/python3.10/site-packages/airflow/example_dags/example_sensors.py                                                                   1           0  0.51s           2025-03-23T01:38:48                      10
/home/saadh/.local/lib/python3.10/site-packages/airflow/example_dags/tutorial_taskflow_api.py                                                             1           0  0.51s           2025-03-23T01:40:06                      10
/home/saadh/.local/lib/python3.10/site-packages/airflow/example_dags/example_nested_branch_dag.py                                                         1           0  0.51s           2025-03-23T01:38:55                      12
/home/saadh/.local/lib/python3.10/site-packages/airflow/example_dags/example_passing_params_via_test_command.py                                           1           0  0.51s           2025-03-23T01:38:40                      12
/home/saadh/.local/lib/python3.10/site-packages/airflow/example_dags/example_branch_labels.py                                                             1           0  0.51s           2025-03-23T01:39:24                      12
/home/saadh/.local/lib/python3.10/site-packages/airflow/example_dags/example_dynamic_task_mapping.py                                                      1           0  0.51s           2025-03-23T01:39:13                      10
/home/saadh/.local/lib/python3.10/site-packages/airflow/example_dags/example_setup_teardown_taskflow.py                                                   1           0  0.51s           2025-03-23T01:39:33                      10
/home/saadh/.local/lib/python3.10/site-packages/airflow/example_dags/example_sla_dag.py                                                                   1           0  0.51s           2025-03-23T01:39:18                      12
/home/saadh/.local/lib/python3.10/site-packages/airflow/example_dags/plugins/listener_plugin.py                                                           0           0  0.41s           2025-03-23T01:37:41                       3
/home/saadh/.local/lib/python3.10/site-packages/airflow/example_dags/example_params_trigger_ui.py                                                         1           0  0.41s           2025-03-23T01:39:26                      10
/home/saadh/.local/lib/python3.10/site-packages/airflow/example_dags/tutorial_dag.py                                                                      1           0  0.41s           2025-03-23T01:40:04                      10
/home/saadh/.local/lib/python3.10/site-packages/airflow/example_dags/example_short_circuit_decorator.py                                                   1           0  0.41s           2025-03-23T01:38:57                      10
/home/saadh/.local/lib/python3.10/site-packages/airflow/example_dags/example_task_group.py                                                                1           0  0.41s           2025-03-23T01:39:38                      10
/home/saadh/.local/lib/python3.10/site-packages/airflow/example_dags/plugins/workday.py                                                                   0           0  0.41s           2025-03-23T01:38:28                       3
/home/saadh/.local/lib/python3.10/site-packages/airflow/example_dags/example_display_name.py                                                              1           0  0.41s           2025-03-23T01:39:50                      10
/home/saadh/.local/lib/python3.10/site-packages/airflow/example_dags/example_sensor_decorator.py                                                          1           0  0.41s           2025-03-23T01:38:49                      10
/home/saadh/.local/lib/python3.10/site-packages/airflow/example_dags/tutorial_taskflow_api_virtualenv.py                                                  0           0  0.41s           2025-03-23T01:40:00                       3
/home/saadh/.local/lib/python3.10/site-packages/airflow/example_dags/plugins/decreasing_priority_weight_strategy.py                                       0           0  0.31s           2025-03-23T01:37:43                       3
/home/saadh/.local/lib/python3.10/site-packages/airflow/example_dags/plugins/event_listener.py                                                            0           0  0.31s           2025-03-23T01:37:45                       3
/home/saadh/.local/lib/python3.10/site-packages/airflow/example_dags/example_local_kubernetes_executor.py                                                 0           0  0.22s           2025-03-23T01:38:51                       3
/home/saadh/.local/lib/python3.10/site-packages/airflow/example_dags/example_kubernetes_executor.py                                                       0           0  0.21s           2025-03-23T01:39:48                       3
/home/saadh/.local/lib/python3.10/site-packages/airflow/example_dags/subdags/subdag.py                                                                    0           0  0.21s           2025-03-23T01:37:40                       3
================================================================================
[2025-03-22T19:40:38.489-0600] {manager.py:997} INFO - 
================================================================================
DAG File Processing Stats

File Path                                                                                                                        PID    Runtime      # DAGs    # Errors  Last Runtime    Last Run               Last # of DB Queries
-------------------------------------------------------------------------------------------------------------------------------  -----  ---------  --------  ----------  --------------  -------------------  ----------------------
/home/saadh/.local/lib/python3.10/site-packages/airflow/example_dags/example_python_operator.py                                                           1           0  2.86s           2025-03-23T01:38:46                      10
/mnt/c/Users/saadh/Desktop/GatherUp-event-intelligence/dags/event_fetcher_dag.py                                                                          1           0  1.61s           2025-03-23T01:39:58                      12
/home/saadh/.local/lib/python3.10/site-packages/airflow/example_dags/example_datasets.py                                                                 10           0  1.21s           2025-03-23T01:39:17                      49
/home/saadh/.local/lib/python3.10/site-packages/airflow/example_dags/example_python_decorator.py                                                          1           0  1.11s           2025-03-23T01:39:22                      10
/home/saadh/.local/lib/python3.10/site-packages/airflow/example_dags/example_dag_decorator.py                                                             1           0  1.11s           2025-03-23T01:39:03                      32
/home/saadh/.local/lib/python3.10/site-packages/airflow/example_dags/example_dataset_alias_with_no_taskflow.py                                            4           0  1.03s           2025-03-23T01:39:42                      27
/home/saadh/.local/lib/python3.10/site-packages/airflow/example_dags/example_branch_datetime_operator.py                                                  3           0  0.91s           2025-03-23T01:38:53                      18
/home/saadh/.local/lib/python3.10/site-packages/airflow/example_dags/tutorial_taskflow_templates.py                                                       1           0  0.81s           2025-03-23T01:40:11                      12
/home/saadh/.local/lib/python3.10/site-packages/airflow/example_dags/example_dataset_alias.py                                                             4           0  0.81s           2025-03-23T01:40:34                      27
/home/saadh/.local/lib/python3.10/site-packages/airflow/example_dags/example_bash_decorator.py                                                            1           0  0.81s           2025-03-23T01:38:59                      32
/home/saadh/.local/lib/python3.10/site-packages/airflow/example_dags/example_latest_only_with_trigger.py                                                  1           0  0.81s           2025-03-23T01:39:56                      12
/home/saadh/.local/lib/python3.10/site-packages/airflow/example_dags/example_subdag_operator.py                                                           3           0  0.81s           2025-03-23T01:39:07                      20
/home/saadh/.local/lib/python3.10/site-packages/airflow/example_dags/example_branch_operator_decorator.py                                                 0           0  0.73s           2025-03-23T01:40:38                       3
/home/saadh/.local/lib/python3.10/site-packages/airflow/example_dags/example_branch_day_of_week_operator.py                                               1           0  0.72s           2025-03-23T01:39:34                      12
/home/saadh/.local/lib/python3.10/site-packages/airflow/example_dags/example_xcom.py                                                                      1           0  0.71s           2025-03-23T01:40:02                      12
/home/saadh/.local/lib/python3.10/site-packages/airflow/example_dags/example_setup_teardown.py                                                            1           0  0.71s           2025-03-23T01:39:52                      10
/home/saadh/.local/lib/python3.10/site-packages/airflow/example_dags/example_workday_timetable.py                                                         1           0  0.71s           2025-03-23T01:40:17                      12
/home/saadh/.local/lib/python3.10/site-packages/airflow/example_dags/example_skip_dag.py                                                                  1           0  0.71s           2025-03-23T01:39:30                      12
/home/saadh/.local/lib/python3.10/site-packages/airflow/example_dags/example_time_delta_sensor_async.py                                                   1           0  0.71s           2025-03-23T01:39:05                      10
/home/saadh/.local/lib/python3.10/site-packages/airflow/example_dags/example_branch_operator.py                                                           0           0  0.71s           2025-03-23T01:39:36                       3
/home/saadh/.local/lib/python3.10/site-packages/airflow/example_dags/example_trigger_target_dag.py                                                        1           0  0.71s           2025-03-23T01:40:13                      10
/home/saadh/.local/lib/python3.10/site-packages/airflow/example_dags/example_params_ui_tutorial.py                                                        1           0  0.71s           2025-03-23T01:40:36                      10
/home/saadh/.local/lib/python3.10/site-packages/airflow/example_dags/example_short_circuit_operator.py                                                    1           0  0.62s           2025-03-23T01:39:00                      10
/home/saadh/.local/lib/python3.10/site-packages/airflow/example_dags/example_external_task_marker_dag.py                                                  2           0  0.62s           2025-03-23T01:39:09                      13
/home/saadh/.local/lib/python3.10/site-packages/airflow/example_dags/example_dynamic_task_mapping_with_no_taskflow_operators.py                           1           0  0.61s           2025-03-23T01:40:32                      10
/home/saadh/.local/lib/python3.10/site-packages/airflow/example_dags/example_latest_only.py                                                               1           0  0.61s           2025-03-23T01:39:15                      12
/home/saadh/.local/lib/python3.10/site-packages/airflow/example_dags/example_trigger_controller_dag.py                                                    1           0  0.61s           2025-03-23T01:39:46                      12
/home/saadh/.local/lib/python3.10/site-packages/airflow/example_dags/example_bash_operator.py                                                             1           0  0.61s           2025-03-23T01:39:28                      12
/home/saadh/.local/lib/python3.10/site-packages/airflow/example_dags/example_complex.py                                                                   1           0  0.61s           2025-03-23T01:39:40                      10
/home/saadh/.local/lib/python3.10/site-packages/airflow/example_dags/example_outlet_event_extra.py                                                        3           0  0.61s           2025-03-23T01:38:42                      19
/home/saadh/.local/lib/python3.10/site-packages/airflow/example_dags/example_inlet_event_extra.py                                                         2           0  0.52s           2025-03-23T01:39:44                      15
/home/saadh/.local/lib/python3.10/site-packages/airflow/example_dags/example_branch_python_dop_operator_3.py                                              1           0  0.51s           2025-03-23T01:39:11                      12
/home/saadh/.local/lib/python3.10/site-packages/airflow/example_dags/example_sensors.py                                                                   1           0  0.51s           2025-03-23T01:38:48                      10
/home/saadh/.local/lib/python3.10/site-packages/airflow/example_dags/example_xcomargs.py                                                                  2           0  0.51s           2025-03-23T01:40:07                      13
/home/saadh/.local/lib/python3.10/site-packages/airflow/example_dags/tutorial_taskflow_api.py                                                             1           0  0.51s           2025-03-23T01:40:06                      10
/home/saadh/.local/lib/python3.10/site-packages/airflow/example_dags/example_nested_branch_dag.py                                                         1           0  0.51s           2025-03-23T01:38:55                      12
/home/saadh/.local/lib/python3.10/site-packages/airflow/example_dags/example_passing_params_via_test_command.py                                           1           0  0.51s           2025-03-23T01:38:40                      12
/home/saadh/.local/lib/python3.10/site-packages/airflow/example_dags/example_branch_labels.py                                                             1           0  0.51s           2025-03-23T01:39:24                      12
/home/saadh/.local/lib/python3.10/site-packages/airflow/example_dags/example_dynamic_task_mapping.py                                                      1           0  0.51s           2025-03-23T01:39:13                      10
/home/saadh/.local/lib/python3.10/site-packages/airflow/example_dags/example_setup_teardown_taskflow.py                                                   1           0  0.51s           2025-03-23T01:39:33                      10
/home/saadh/.local/lib/python3.10/site-packages/airflow/example_dags/example_sla_dag.py                                                                   1           0  0.51s           2025-03-23T01:39:18                      12
/home/saadh/.local/lib/python3.10/site-packages/airflow/example_dags/example_params_trigger_ui.py                                                         1           0  0.41s           2025-03-23T01:39:26                      10
/home/saadh/.local/lib/python3.10/site-packages/airflow/example_dags/tutorial_dag.py                                                                      1           0  0.41s           2025-03-23T01:40:04                      10
/home/saadh/.local/lib/python3.10/site-packages/airflow/example_dags/example_short_circuit_decorator.py                                                   1           0  0.41s           2025-03-23T01:38:57                      10
/home/saadh/.local/lib/python3.10/site-packages/airflow/example_dags/example_task_group.py                                                                1           0  0.41s           2025-03-23T01:39:38                      10
/home/saadh/.local/lib/python3.10/site-packages/airflow/example_dags/example_display_name.py                                                              1           0  0.41s           2025-03-23T01:39:50                      10
/home/saadh/.local/lib/python3.10/site-packages/airflow/example_dags/example_sensor_decorator.py                                                          1           0  0.41s           2025-03-23T01:38:49                      10
/home/saadh/.local/lib/python3.10/site-packages/airflow/example_dags/tutorial_taskflow_api_virtualenv.py                                                  0           0  0.41s           2025-03-23T01:40:00                       3
/home/saadh/.local/lib/python3.10/site-packages/airflow/example_dags/tutorial_objectstorage.py                                                            1           0  0.41s           2025-03-23T01:40:15                      10
/home/saadh/.local/lib/python3.10/site-packages/airflow/example_dags/tutorial.py                                                                          1           0  0.41s           2025-03-23T01:40:09                      12
/home/saadh/.local/lib/python3.10/site-packages/airflow/example_dags/example_task_group_decorator.py                                                      1           0  0.41s           2025-03-23T01:40:30                      10
/home/saadh/.local/lib/python3.10/site-packages/airflow/example_dags/plugins/workday.py                                                                   0           0  0.32s           2025-03-23T01:40:26                       3
/home/saadh/.local/lib/python3.10/site-packages/airflow/example_dags/plugins/decreasing_priority_weight_strategy.py                                       0           0  0.31s           2025-03-23T01:40:23                       3
/home/saadh/.local/lib/python3.10/site-packages/airflow/example_dags/plugins/event_listener.py                                                            0           0  0.31s           2025-03-23T01:40:25                       3
/home/saadh/.local/lib/python3.10/site-packages/airflow/example_dags/subdags/subdag.py                                                                    0           0  0.31s           2025-03-23T01:40:19                       3
/home/saadh/.local/lib/python3.10/site-packages/airflow/example_dags/example_local_kubernetes_executor.py                                                 0           0  0.22s           2025-03-23T01:38:51                       3
/home/saadh/.local/lib/python3.10/site-packages/airflow/example_dags/example_kubernetes_executor.py                                                       0           0  0.21s           2025-03-23T01:39:48                       3
/home/saadh/.local/lib/python3.10/site-packages/airflow/example_dags/plugins/listener_plugin.py                                                           0           0  0.11s           2025-03-23T01:40:21                       3
================================================================================
[2025-03-22T19:41:10.138-0600] {manager.py:997} INFO - 
================================================================================
DAG File Processing Stats

File Path                                                                                                                        PID    Runtime      # DAGs    # Errors  Last Runtime    Last Run               Last # of DB Queries
-------------------------------------------------------------------------------------------------------------------------------  -----  ---------  --------  ----------  --------------  -------------------  ----------------------
/mnt/c/Users/saadh/Desktop/GatherUp-event-intelligence/dags/event_fetcher_dag.py                                                                          1           0  1.61s           2025-03-23T01:39:58                      12
/home/saadh/.local/lib/python3.10/site-packages/airflow/example_dags/example_datasets.py                                                                 10           0  1.21s           2025-03-23T01:39:17                      49
/home/saadh/.local/lib/python3.10/site-packages/airflow/example_dags/example_python_operator.py                                                           1           0  1.11s           2025-03-23T01:40:45                      10
/home/saadh/.local/lib/python3.10/site-packages/airflow/example_dags/example_python_decorator.py                                                          1           0  1.11s           2025-03-23T01:39:22                      10
/home/saadh/.local/lib/python3.10/site-packages/airflow/example_dags/example_dataset_alias_with_no_taskflow.py                                            4           0  1.03s           2025-03-23T01:39:42                      27
/home/saadh/.local/lib/python3.10/site-packages/airflow/example_dags/example_dag_decorator.py                                                             1           0  0.91s           2025-03-23T01:41:03                      32
/home/saadh/.local/lib/python3.10/site-packages/airflow/example_dags/example_external_task_marker_dag.py                                                  2           0  0.82s           2025-03-23T01:41:10                      13
/home/saadh/.local/lib/python3.10/site-packages/airflow/example_dags/tutorial_taskflow_templates.py                                                       1           0  0.81s           2025-03-23T01:40:11                      12
/home/saadh/.local/lib/python3.10/site-packages/airflow/example_dags/example_dataset_alias.py                                                             4           0  0.81s           2025-03-23T01:40:34                      27
/home/saadh/.local/lib/python3.10/site-packages/airflow/example_dags/example_latest_only_with_trigger.py                                                  1           0  0.81s           2025-03-23T01:39:56                      12
/home/saadh/.local/lib/python3.10/site-packages/airflow/example_dags/example_outlet_event_extra.py                                                        3           0  0.81s           2025-03-23T01:40:43                      19
/home/saadh/.local/lib/python3.10/site-packages/airflow/example_dags/example_branch_operator_decorator.py                                                 0           0  0.73s           2025-03-23T01:40:38                       3
/home/saadh/.local/lib/python3.10/site-packages/airflow/example_dags/example_branch_day_of_week_operator.py                                               1           0  0.72s           2025-03-23T01:39:34                      12
/home/saadh/.local/lib/python3.10/site-packages/airflow/example_dags/example_time_delta_sensor_async.py                                                   1           0  0.71s           2025-03-23T01:41:06                      10
/home/saadh/.local/lib/python3.10/site-packages/airflow/example_dags/example_sensors.py                                                                   1           0  0.71s           2025-03-23T01:40:47                      10
/home/saadh/.local/lib/python3.10/site-packages/airflow/example_dags/example_xcom.py                                                                      1           0  0.71s           2025-03-23T01:40:02                      12
/home/saadh/.local/lib/python3.10/site-packages/airflow/example_dags/example_setup_teardown.py                                                            1           0  0.71s           2025-03-23T01:39:52                      10
/home/saadh/.local/lib/python3.10/site-packages/airflow/example_dags/example_workday_timetable.py                                                         1           0  0.71s           2025-03-23T01:40:17                      12
/home/saadh/.local/lib/python3.10/site-packages/airflow/example_dags/example_skip_dag.py                                                                  1           0  0.71s           2025-03-23T01:39:30                      12
/home/saadh/.local/lib/python3.10/site-packages/airflow/example_dags/example_branch_operator.py                                                           0           0  0.71s           2025-03-23T01:39:36                       3
/home/saadh/.local/lib/python3.10/site-packages/airflow/example_dags/example_trigger_target_dag.py                                                        1           0  0.71s           2025-03-23T01:40:13                      10
/home/saadh/.local/lib/python3.10/site-packages/airflow/example_dags/example_short_circuit_decorator.py                                                   1           0  0.71s           2025-03-23T01:40:56                      10
/home/saadh/.local/lib/python3.10/site-packages/airflow/example_dags/example_params_ui_tutorial.py                                                        1           0  0.71s           2025-03-23T01:40:36                      10
/home/saadh/.local/lib/python3.10/site-packages/airflow/example_dags/example_branch_datetime_operator.py                                                  3           0  0.62s           2025-03-23T01:40:52                      18
/home/saadh/.local/lib/python3.10/site-packages/airflow/example_dags/example_dynamic_task_mapping_with_no_taskflow_operators.py                           1           0  0.61s           2025-03-23T01:40:32                      10
/home/saadh/.local/lib/python3.10/site-packages/airflow/example_dags/example_latest_only.py                                                               1           0  0.61s           2025-03-23T01:39:15                      12
/home/saadh/.local/lib/python3.10/site-packages/airflow/example_dags/example_trigger_controller_dag.py                                                    1           0  0.61s           2025-03-23T01:39:46                      12
/home/saadh/.local/lib/python3.10/site-packages/airflow/example_dags/example_bash_operator.py                                                             1           0  0.61s           2025-03-23T01:39:28                      12
/home/saadh/.local/lib/python3.10/site-packages/airflow/example_dags/example_nested_branch_dag.py                                                         1           0  0.61s           2025-03-23T01:40:54                      12
/home/saadh/.local/lib/python3.10/site-packages/airflow/example_dags/example_complex.py                                                                   1           0  0.61s           2025-03-23T01:39:40                      10
/home/saadh/.local/lib/python3.10/site-packages/airflow/example_dags/example_sensor_decorator.py                                                          1           0  0.61s           2025-03-23T01:40:49                      10
/home/saadh/.local/lib/python3.10/site-packages/airflow/example_dags/example_passing_params_via_test_command.py                                           1           0  0.61s           2025-03-23T01:40:40                      12
/home/saadh/.local/lib/python3.10/site-packages/airflow/example_dags/example_bash_decorator.py                                                            1           0  0.53s           2025-03-23T01:40:58                      10
/home/saadh/.local/lib/python3.10/site-packages/airflow/example_dags/example_inlet_event_extra.py                                                         2           0  0.52s           2025-03-23T01:39:44                      15
/home/saadh/.local/lib/python3.10/site-packages/airflow/example_dags/example_branch_python_dop_operator_3.py                                              1           0  0.51s           2025-03-23T01:39:11                      12
/home/saadh/.local/lib/python3.10/site-packages/airflow/example_dags/example_xcomargs.py                                                                  2           0  0.51s           2025-03-23T01:40:07                      13
/home/saadh/.local/lib/python3.10/site-packages/airflow/example_dags/tutorial_taskflow_api.py                                                             1           0  0.51s           2025-03-23T01:40:06                      10
/home/saadh/.local/lib/python3.10/site-packages/airflow/example_dags/example_branch_labels.py                                                             1           0  0.51s           2025-03-23T01:39:24                      12
/home/saadh/.local/lib/python3.10/site-packages/airflow/example_dags/example_dynamic_task_mapping.py                                                      1           0  0.51s           2025-03-23T01:39:13                      10
/home/saadh/.local/lib/python3.10/site-packages/airflow/example_dags/example_setup_teardown_taskflow.py                                                   1           0  0.51s           2025-03-23T01:39:33                      10
/home/saadh/.local/lib/python3.10/site-packages/airflow/example_dags/example_subdag_operator.py                                                           3           0  0.51s           2025-03-23T01:41:07                      20
/home/saadh/.local/lib/python3.10/site-packages/airflow/example_dags/example_sla_dag.py                                                                   1           0  0.51s           2025-03-23T01:39:18                      12
/home/saadh/.local/lib/python3.10/site-packages/airflow/example_dags/example_params_trigger_ui.py                                                         1           0  0.41s           2025-03-23T01:39:26                      10
/home/saadh/.local/lib/python3.10/site-packages/airflow/example_dags/tutorial_dag.py                                                                      1           0  0.41s           2025-03-23T01:40:04                      10
/home/saadh/.local/lib/python3.10/site-packages/airflow/example_dags/example_task_group.py                                                                1           0  0.41s           2025-03-23T01:39:38                      10
/home/saadh/.local/lib/python3.10/site-packages/airflow/example_dags/example_display_name.py                                                              1           0  0.41s           2025-03-23T01:39:50                      10
/home/saadh/.local/lib/python3.10/site-packages/airflow/example_dags/tutorial_taskflow_api_virtualenv.py                                                  0           0  0.41s           2025-03-23T01:40:00                       3
/home/saadh/.local/lib/python3.10/site-packages/airflow/example_dags/tutorial_objectstorage.py                                                            1           0  0.41s           2025-03-23T01:40:15                      10
/home/saadh/.local/lib/python3.10/site-packages/airflow/example_dags/example_short_circuit_operator.py                                                    1           0  0.41s           2025-03-23T01:41:00                      10
/home/saadh/.local/lib/python3.10/site-packages/airflow/example_dags/tutorial.py                                                                          1           0  0.41s           2025-03-23T01:40:09                      12
/home/saadh/.local/lib/python3.10/site-packages/airflow/example_dags/example_task_group_decorator.py                                                      1           0  0.41s           2025-03-23T01:40:30                      10
/home/saadh/.local/lib/python3.10/site-packages/airflow/example_dags/plugins/workday.py                                                                   0           0  0.32s           2025-03-23T01:40:26                       3
/home/saadh/.local/lib/python3.10/site-packages/airflow/example_dags/plugins/decreasing_priority_weight_strategy.py                                       0           0  0.31s           2025-03-23T01:40:23                       3
/home/saadh/.local/lib/python3.10/site-packages/airflow/example_dags/example_local_kubernetes_executor.py                                                 0           0  0.31s           2025-03-23T01:40:50                       3
/home/saadh/.local/lib/python3.10/site-packages/airflow/example_dags/plugins/event_listener.py                                                            0           0  0.31s           2025-03-23T01:40:25                       3
/home/saadh/.local/lib/python3.10/site-packages/airflow/example_dags/subdags/subdag.py                                                                    0           0  0.31s           2025-03-23T01:40:19                       3
/home/saadh/.local/lib/python3.10/site-packages/airflow/example_dags/example_kubernetes_executor.py                                                       0           0  0.21s           2025-03-23T01:39:48                       3
/home/saadh/.local/lib/python3.10/site-packages/airflow/example_dags/plugins/listener_plugin.py                                                           0           0  0.11s           2025-03-23T01:40:21                       3
================================================================================
[2025-03-22T19:41:28.551-0600] {manager.py:465} INFO - Exiting gracefully upon receiving signal 15
